id,name,country,coordinates,lastUpdated,measurements
66445,Kaohe Mauka,US,"{'latitude': 19.311298, 'longitude': -155.87045}",2023-07-04T21:54:03+00:00,2533170
273453,LakoHouse,US,"{'latitude': 19.608747, 'longitude': -155.96782}",2023-07-04T21:54:01+00:00,1264092
68209,Kona Home Outdoors,US,"{'latitude': 19.623238, 'longitude': -155.96786}",2023-07-04T21:53:59+00:00,2488248
68171,waikii,US,"{'latitude': 19.86205, 'longitude': -155.67453}",2023-07-04T21:54:05+00:00,313842
371078,AMC Medical Center,MX,"{'latitude': 22.889877, 'longitude': -109.90813}",2023-07-04T21:54:04+00:00,644256
65494,Colegio Tonallí,MX,"{'latitude': 25.564653, 'longitude': -100.24257}",2023-07-04T21:54:06+00:00,1839420
65622,San Roberto International School Campus San Agustin,MX,"{'latitude': 25.645615, 'longitude': -100.3372}",2023-07-04T21:54:03+00:00,2116158
299207,Liceo de Monterrey,MX,"{'latitude': 25.650322, 'longitude': -100.32849}",2023-07-04T21:54:04+00:00,810732
269948,GIECC_UCMEXUS_22,MX,"{'latitude': 25.653612, 'longitude': -100.292534}",2023-07-04T21:54:06+00:00,640616
66571,Colinas del Valle,MX,"{'latitude': 25.67816, 'longitude': -100.39298}",2023-07-04T21:54:00+00:00,2472990
271055,Sima UANL,MX,"{'latitude': 25.729715, 'longitude': -100.31027}",2023-07-04T21:54:06+00:00,1320780
400689,Cape Coral Fire Station #11,US,"{'latitude': 26.672947, 'longitude': -82.040146}",2023-07-04T21:54:02+00:00,574903
68486,Cumbres,MX,"{'latitude': 29.132936, 'longitude': -110.95183}",2023-07-04T21:54:02+00:00,2506980
575409,Museum reach boat ramp,US,"{'latitude': 29.440323, 'longitude': -98.48145}",2023-07-04T21:54:03+00:00,373668
66137,C.and.Mi's,US,"{'latitude': 29.691015, 'longitude': -95.13602}",2023-07-04T21:54:00+00:00,2261712
66394,Northeast West U,US,"{'latitude': 29.723648, 'longitude': -95.42064}",2023-07-04T21:54:01+00:00,2505114
218449,"3623 Shadow Trail, Houston, Texas 77084",US,"{'latitude': 29.81888, 'longitude': -95.69566}",2023-07-04T21:54:03+00:00,2417724
929688,Apache69,US,"{'latitude': 29.822308, 'longitude': -95.30618}",2023-07-04T21:54:03+00:00,252702
71764,Downtown New Orleans,US,"{'latitude': 29.943491, 'longitude': -90.06983}",2023-07-04T21:54:00+00:00,246459
317527,R&amp;R's house,US,"{'latitude': 29.947346, 'longitude': -90.12832}",2023-07-04T21:54:00+00:00,978036
223905,Raleigh Creek,US,"{'latitude': 30.121431, 'longitude': -95.60936}",2023-07-04T21:54:02+00:00,2245855
358506,CRCJV-#2,US,"{'latitude': 30.231756, 'longitude': -97.881294}",2023-07-04T21:54:03+00:00,672798
270632,"Westlake, Louisiana",US,"{'latitude': 30.25728, 'longitude': -93.27222}",2023-07-04T21:54:01+00:00,1587426
69858,Iberville,US,"{'latitude': 30.266632, 'longitude': -91.21969}",2023-07-04T21:54:03+00:00,2201247
63876,Central,US,"{'latitude': 30.552189, 'longitude': -91.03447}",2023-07-04T21:54:06+00:00,2293254
64767,"Parkside at Mayfield Ranch@Georgetown, Tx",US,"{'latitude': 30.586252, 'longitude': -97.77036}",2023-07-04T21:53:59+00:00,2470376
366548,South Oatmeal,US,"{'latitude': 30.66903, 'longitude': -98.07575}",2023-07-04T21:54:00+00:00,653628
308610,CJ11-L-01,MX,"{'latitude': 31.65894, 'longitude': -106.411766}",2023-07-04T21:54:03+00:00,700746
370438,CJ11-L-02,MX,"{'latitude': 31.658993, 'longitude': -106.41177}",2023-07-04T21:54:04+00:00,667152
292900,NWS El Paso,US,"{'latitude': 31.87266, 'longitude': -106.69927}",2023-07-04T21:54:03+00:00,591336
370133,Long Branch monitor,US,"{'latitude': 32.07596, 'longitude': -94.52738}",2023-07-04T21:54:00+00:00,618213
230186,Hudson Hill--02,US,"{'latitude': 32.094215, 'longitude': -81.12027}",2023-07-04T21:54:02+00:00,1784214
226444,Kimmel Park,US,"{'latitude': 32.48389, 'longitude': -97.00183}",2023-07-04T21:53:59+00:00,2110050
363633,N | Biblioteca Francisco Eusebio Kino | AYUNTAMIENTO DE TIJUANA,MX,"{'latitude': 32.52021, 'longitude': -117.07334}",2023-07-04T21:54:00+00:00,720570
354468,US Consulate Tijuana,MX,"{'latitude': 32.5234, 'longitude': -116.952484}",2023-07-04T21:54:04+00:00,866946
72004,AYUNTAMIENTO E MEXICALI - PARQUE CENTENARIO*,MX,"{'latitude': 32.59604, 'longitude': -115.36308}",2023-07-04T21:54:05+00:00,1319580
277693,PURPLEAIR PA-II-SD CLX HSE,US,"{'latitude': 32.682343, 'longitude': -115.494675}",2023-07-04T21:54:01+00:00,1346025
69247,"Mathewson Park, Coronado",US,"{'latitude': 32.68735, 'longitude': -117.17259}",2023-07-04T21:54:06+00:00,2531904
224547,Circa37,US,"{'latitude': 32.77678, 'longitude': -117.15156}",2023-07-04T21:54:00+00:00,2066016
355648,CCRAB Peace St,US,"{'latitude': 32.8305, 'longitude': -79.9574}",2023-07-04T21:54:04+00:00,796482
66590,Alpine/Galloway Valley,US,"{'latitude': 32.831882, 'longitude': -116.81355}",2023-07-04T21:54:02+00:00,2551398
63869,Arbormont Estates,US,"{'latitude': 32.882004, 'longitude': -97.08413}",2023-07-04T21:54:06+00:00,2054394
63444,Franklin Antonio,US,"{'latitude': 32.94543, 'longitude': -117.2448}",2023-07-04T21:54:05+00:00,1957259
273540,UNT-GEO-33,US,"{'latitude': 33.012363, 'longitude': -96.90979}",2023-07-04T21:53:59+00:00,1296966
277448,UNT-GEO-68,US,"{'latitude': 33.022003, 'longitude': -97.22522}",2023-07-04T21:54:03+00:00,1257073
269044,Casa Cielo,US,"{'latitude': 33.04325, 'longitude': -117.13577}",2023-07-04T21:53:59+00:00,1656090
232307,Schmoopfront,US,"{'latitude': 33.071095, 'longitude': -117.29702}",2023-07-04T21:54:00+00:00,1812510
273793,UNT-GEO-57,US,"{'latitude': 33.094864, 'longitude': -97.1461}",2023-07-04T21:54:02+00:00,1248300
273775,UNT-GEO-58,US,"{'latitude': 33.114075, 'longitude': -97.365974}",2023-07-04T21:54:01+00:00,1316064
65919,CSUSM Social and Behavioral Sciences Building,US,"{'latitude': 33.130417, 'longitude': -117.15757}",2023-07-04T21:54:04+00:00,1880952
236352,CSUSM University Services Building,US,"{'latitude': 33.133472, 'longitude': -117.15422}",2023-07-04T21:54:02+00:00,1698348
260784,Frisco 01,US,"{'latitude': 33.137512, 'longitude': -96.76791}",2023-07-04T21:54:04+00:00,1132176
273406,UNT-GEO-37,US,"{'latitude': 33.141315, 'longitude': -97.035835}",2023-07-04T21:53:59+00:00,1332228
302564,UNT-GEO-Frisco,US,"{'latitude': 33.151684, 'longitude': -96.76765}",2023-07-04T21:54:02+00:00,779253
64979,Tierra Libertia,US,"{'latitude': 33.190018, 'longitude': -117.11838}",2023-07-04T21:54:06+00:00,2529696
353454,AQI SPY 6,US,"{'latitude': 33.198776, 'longitude': -116.96868}",2023-07-04T21:54:02+00:00,916020
499000,Barnwell Regional Airport,US,"{'latitude': 33.259987, 'longitude': -81.380974}",2023-07-04T21:54:05+00:00,431172
66367,Stearn,US,"{'latitude': 33.329514, 'longitude': -111.602356}",2023-07-04T21:54:03+00:00,2431974
66237,"North Wall Street, Gunter",US,"{'latitude': 33.49478, 'longitude': -96.77178}",2023-07-04T21:53:59+00:00,2493204
69860,Yellow House Canyon,US,"{'latitude': 33.53833, 'longitude': -101.781654}",2023-07-04T21:53:59+00:00,2562498
660709,Tech Terrace 01 (Lubbock),US,"{'latitude': 33.576565, 'longitude': -101.87511}",2023-07-04T21:54:04+00:00,388476
67491,Coastal Peak,US,"{'latitude': 33.601303, 'longitude': -117.8082}",2023-07-04T21:54:03+00:00,313764
357052,MDAQMD-PVUSD-PVH_2,US,"{'latitude': 33.62101, 'longitude': -114.60628}",2023-07-04T21:54:03+00:00,822456
64960,Irvine,US,"{'latitude': 33.684814, 'longitude': -117.72861}",2023-07-04T21:54:02+00:00,2477808
277441,Speckled,US,"{'latitude': 33.70096, 'longitude': -117.72836}",2023-07-04T21:54:02+00:00,1291104
235730,Bolsa Chica Wetlands,US,"{'latitude': 33.707977, 'longitude': -118.03212}",2023-07-04T21:54:05+00:00,1524159
69774,Capacete Residence,US,"{'latitude': 33.713737, 'longitude': -117.86316}",2023-07-04T21:54:01+00:00,2224104
69285,GE Office,US,"{'latitude': 33.74202, 'longitude': -117.44635}",2023-07-04T21:54:00+00:00,2500530
69406,Crownview,US,"{'latitude': 33.746918, 'longitude': -118.331535}",2023-07-04T21:54:03+00:00,2517786
63651,SCTV_45,US,"{'latitude': 33.76107, 'longitude': -117.481445}",2023-07-04T21:54:01+00:00,2332842
67007,AQMD_NASA_16,US,"{'latitude': 33.763767, 'longitude': -118.14565}",2023-07-04T21:54:05+00:00,2148592
160467,SCSB_14,US,"{'latitude': 33.769012, 'longitude': -118.078865}",2023-07-04T21:53:59+00:00,102276
363567,SJUSD-SJHS-Pool,US,"{'latitude': 33.793907, 'longitude': -116.96797}",2023-07-04T21:54:00+00:00,743448
795529,Pattiz Avenue,US,"{'latitude': 33.794632, 'longitude': -118.09243}",2023-07-04T21:53:59+00:00,346752
68495,Rosina St.,US,"{'latitude': 33.817127, 'longitude': -118.0781}",2023-07-04T21:53:59+00:00,2512296
65806,Opal St and Maple Ave,US,"{'latitude': 33.83577, 'longitude': -118.34111}",2023-07-04T21:54:05+00:00,2503251
65424,CCA Maury and Tehachapi 2,US,"{'latitude': 33.835808, 'longitude': -118.17562}",2023-07-04T21:54:00+00:00,2549208
270872,Anaheim Union High School District Office,US,"{'latitude': 33.83753, 'longitude': -117.94826}",2023-07-04T21:53:59+00:00,1338294
73554,Harriman,US,"{'latitude': 33.86671, 'longitude': -118.37983}",2023-07-04T21:54:06+00:00,2557398
71807,CCA 137th and Hindry 1,US,"{'latitude': 33.907906, 'longitude': -118.372604}",2023-07-04T21:54:00+00:00,2520105
70339,New River,US,"{'latitude': 33.93171, 'longitude': -112.083145}",2023-07-04T21:53:59+00:00,2525280
66080,Air Monitroing Station,US,"{'latitude': 33.944595, 'longitude': -116.83035}",2023-07-04T21:54:03+00:00,2209200
69004,Mountain_View_Estates@Mission_Lakes,US,"{'latitude': 33.98597, 'longitude': -116.53965}",2023-07-04T21:54:01+00:00,2523726
299368,Old_Test_3,US,"{'latitude': 33.99776, 'longitude': -117.4188}",2023-07-04T21:53:59+00:00,1165698
66410,West Mar Vista,US,"{'latitude': 34.008266, 'longitude': -118.43928}",2023-07-04T21:54:04+00:00,2319078
67559,CCA Hillcrest and Obama,US,"{'latitude': 34.021492, 'longitude': -118.34324}",2023-07-04T21:54:00+00:00,1262539
62406,AQMD_NASA_2,US,"{'latitude': 34.021534, 'longitude': -117.90991}",2023-07-04T21:54:03+00:00,314263
70728,Butterfield,US,"{'latitude': 34.03872, 'longitude': -118.41668}",2023-07-04T21:54:04+00:00,2536590
68406,CAZIER-SM-016,US,"{'latitude': 34.042713, 'longitude': -118.47522}",2023-07-04T21:54:02+00:00,2542572
231597,Zetta Lee Johnson Rd,US,"{'latitude': 34.04971, 'longitude': -83.182045}",2023-07-04T21:54:04+00:00,1594599
71874,SCAP_14,US,"{'latitude': 34.079445, 'longitude': -118.11298}",2023-07-04T21:54:04+00:00,2536182
64597,Scap_91,US,"{'latitude': 34.080685, 'longitude': -118.128105}",2023-07-04T21:54:05+00:00,2570424
78692,HOL,US,"{'latitude': 34.08801, 'longitude': -118.38403}",2023-07-04T21:54:04+00:00,2032872
275924,USCEHC - Huntington/Main,US,"{'latitude': 34.095688, 'longitude': -118.15755}",2023-07-04T21:54:03+00:00,1306861
63633,CCA Bates and Sunset,US,"{'latitude': 34.09818, 'longitude': -118.28198}",2023-07-04T21:53:59+00:00,2550276
311153,"Pine Brook Dr., Acworth",US,"{'latitude': 34.101746, 'longitude': -84.65471}",2023-07-04T21:54:02+00:00,890395
65492,Sea View Avenue,US,"{'latitude': 34.107765, 'longitude': -118.2163}",2023-07-04T21:54:02+00:00,2156424
68106,CCA Auburn and Avenel,US,"{'latitude': 34.108917, 'longitude': -118.26571}",2023-07-04T21:54:00+00:00,315450
272824,Hollywood Dell,US,"{'latitude': 34.112953, 'longitude': -118.32981}",2023-07-04T21:54:03+00:00,1319238
268525,Atwater Village,US,"{'latitude': 34.120403, 'longitude': -118.26612}",2023-07-04T21:54:05+00:00,1654231
65412,Nichols Canyon Road,US,"{'latitude': 34.122124, 'longitude': -118.36022}",2023-07-04T21:54:05+00:00,2543742
67594,Duarte Hills,US,"{'latitude': 34.15206, 'longitude': -117.93399}",2023-07-04T21:54:00+00:00,2518500
73213,Lower Hastings,US,"{'latitude': 34.15546, 'longitude': -118.0743}",2023-07-04T21:54:05+00:00,2523168
227466,Pasadena - Lincoln &amp; Washington,US,"{'latitude': 34.170277, 'longitude': -118.1603}",2023-07-04T21:54:06+00:00,2035422
276484,Kinneloa Canyon,US,"{'latitude': 34.17919, 'longitude': -118.09023}",2023-07-04T21:54:00+00:00,1257879
64360,Lambourne Place,US,"{'latitude': 34.190872, 'longitude': -118.75315}",2023-07-04T21:54:00+00:00,2502702
277411,Casitas &amp; Ventura,US,"{'latitude': 34.19246, 'longitude': -118.16317}",2023-07-04T21:53:59+00:00,1326967
63970,Central La Canada Flintridge,US,"{'latitude': 34.200146, 'longitude': -118.197235}",2023-07-04T21:54:04+00:00,2553084
272863,Northridge,US,"{'latitude': 34.2283, 'longitude': -118.50225}",2023-07-04T21:54:05+00:00,1348878
223223,BDF Mobile1,US,"{'latitude': 34.23586, 'longitude': -117.19023}",2023-07-04T21:54:00+00:00,1313964
71017,Santa Rosa Technology Magnet School,US,"{'latitude': 34.24371, 'longitude': -118.879715}",2023-07-04T21:54:01+00:00,2520576
72272,"Hillside Middle School, Simi Valley, CA",US,"{'latitude': 34.256332, 'longitude': -118.754616}",2023-07-04T21:54:01+00:00,2309928
67789,Sunland,US,"{'latitude': 34.273727, 'longitude': -118.305725}",2023-07-04T21:54:02+00:00,2421468
68289,VCAPCD SV,US,"{'latitude': 34.27632, 'longitude': -118.68369}",2023-07-04T21:54:03+00:00,312378
558480,Ralph's House,US,"{'latitude': 34.284264, 'longitude': -118.742}",2023-07-04T21:54:04+00:00,364152
70956,Little Red School House,US,"{'latitude': 34.37639, 'longitude': -118.99994}",2023-07-04T21:54:02+00:00,2504058
68081,MDAQMD-LUC1,US,"{'latitude': 34.410046, 'longitude': -116.90695}",2023-07-04T21:53:59+00:00,2558766
67580,AQMD_NASA_37,US,"{'latitude': 34.45086, 'longitude': -118.51963}",2023-07-04T21:54:03+00:00,2554254
276583,Sugarcane,US,"{'latitude': 34.4829, 'longitude': -82.91216}",2023-07-04T21:54:04+00:00,1343994
69356,"Castaic, CA",US,"{'latitude': 34.49982, 'longitude': -118.62951}",2023-07-04T21:54:05+00:00,2244510
495067,Wild Hare Ranch,US,"{'latitude': 34.515312, 'longitude': -118.155304}",2023-07-04T21:54:03+00:00,449550
341150,Yard,US,"{'latitude': 34.522, 'longitude': -86.066}",2023-07-04T21:53:59+00:00,986067
364438,"Shasta Road, Apple Valley",US,"{'latitude': 34.53214, 'longitude': -117.23998}",2023-07-04T21:54:04+00:00,712472
67392,Chino Valley,US,"{'latitude': 34.731483, 'longitude': -112.459335}",2023-07-04T21:54:05+00:00,2029842
344302,SBCAPCD_38,US,"{'latitude': 34.969944, 'longitude': -120.566895}",2023-07-04T21:54:04+00:00,347394
67101,Hope Mills Lake,US,"{'latitude': 34.97499, 'longitude': -78.94164}",2023-07-04T21:54:01+00:00,2491153
63195,"1518 Trail View Place, Nipomo, CA  93444-6619",US,"{'latitude': 35.034443, 'longitude': -120.547195}",2023-07-04T21:53:59+00:00,2531214
68297,Outside,US,"{'latitude': 35.03867, 'longitude': -80.83838}",2023-07-04T21:54:04+00:00,2545644
64938,Amarillo,US,"{'latitude': 35.158676, 'longitude': -101.83544}",2023-07-04T21:54:02+00:00,2107134
68562,Bear Valley Spring,US,"{'latitude': 35.177395, 'longitude': -118.63527}",2023-07-04T21:54:00+00:00,2484397
72860,"Eastover, Charlotte, NC",US,"{'latitude': 35.194134, 'longitude': -80.823494}",2023-07-04T21:54:03+00:00,1597164
220755,Clean Air Carolina Washington Heights,US,"{'latitude': 35.2532, 'longitude': -80.8579}",2023-07-04T21:54:03+00:00,303059
329867,VLV Air,US,"{'latitude': 35.264194, 'longitude': -120.70959}",2023-07-04T21:53:59+00:00,1081966
73207,Laguna Lake Area,US,"{'latitude': 35.264942, 'longitude': -120.69507}",2023-07-04T21:54:03+00:00,2024550
336705,CleanAIRENC - Pisgah Forest,US,"{'latitude': 35.2848, 'longitude': -82.688225}",2023-07-04T21:54:01+00:00,1033248
549415,UNC Charlotte McEniry4,US,"{'latitude': 35.3074, 'longitude': -80.7337}",2023-07-04T21:54:03+00:00,403035
276606,Cleanairenc/lillington,US,"{'latitude': 35.3922, 'longitude': -78.81451}",2023-07-04T21:54:01+00:00,1322328
276704,Clean sure clean/Matthewsrd,US,"{'latitude': 35.42711, 'longitude': -78.812614}",2023-07-04T21:54:00+00:00,1293162
67323,Apple Valley Park,US,"{'latitude': 35.510853, 'longitude': -120.70179}",2023-07-04T21:54:06+00:00,2504382
351625,Fonda Ct,US,"{'latitude': 35.55302, 'longitude': -105.93431}",2023-07-04T21:54:00+00:00,988109
221924,Kahite,US,"{'latitude': 35.564167, 'longitude': -84.246895}",2023-07-04T21:54:00+00:00,2218446
227902,TFE - Trinchero Central Coast,US,"{'latitude': 35.729736, 'longitude': -120.6742}",2023-07-04T21:54:05+00:00,1603497
65284,State St.,US,"{'latitude': 35.766674, 'longitude': -78.62495}",2023-07-04T21:54:02+00:00,2546574
71535,WPA KINGS PLANT,US,"{'latitude': 35.772312, 'longitude': -119.8704}",2023-07-04T21:54:02+00:00,2541258
228510,Albany Park School,US,"{'latitude': 35.78452, 'longitude': -119.26269}",2023-07-04T21:53:59+00:00,608484
70113,Clean Air Carolina - Slickrock Mountain,US,"{'latitude': 35.871845, 'longitude': -82.34692}",2023-07-04T21:54:03+00:00,2428650
300205,SEEED Knox,US,"{'latitude': 35.97109, 'longitude': -83.90441}",2023-07-04T21:53:59+00:00,561891
352990,Henderson,US,"{'latitude': 35.992317, 'longitude': -115.12511}",2023-07-04T21:54:00+00:00,955328
277929,HIDE6,US,"{'latitude': 36.176994, 'longitude': -86.74283}",2023-07-04T21:54:06+00:00,1257048
617795,ucm-1c8a,US,"{'latitude': 36.22354, 'longitude': -118.829285}",2023-07-04T21:54:05+00:00,390480
353143,Nuro LVMS,US,"{'latitude': 36.28094, 'longitude': -115.02128}",2023-07-04T21:54:04+00:00,938252
356502,"Angel Fire, NM",US,"{'latitude': 36.391396, 'longitude': -105.280846}",2023-07-04T21:54:03+00:00,863130
67221,Vasquez Trail,US,"{'latitude': 36.465576, 'longitude': -121.78044}",2023-07-04T21:54:00+00:00,2553024
67187,Carmel Valley Ranch,US,"{'latitude': 36.518147, 'longitude': -121.79705}",2023-07-04T21:54:01+00:00,2537964
72287,CARB_S_GBUAPCD_AlabamaHills,US,"{'latitude': 36.57126, 'longitude': -118.097855}",2023-07-04T21:54:02+00:00,2538390
73017,CARB_S_GBUAPCD_LonePineDowntown,US,"{'latitude': 36.60538, 'longitude': -118.062775}",2023-07-04T21:54:00+00:00,2093631
227694,Tranquility RAMP PA,US,"{'latitude': 36.63435, 'longitude': -120.38337}",2023-07-04T21:54:02+00:00,1688424
368695,Juniper Court,US,"{'latitude': 36.695824, 'longitude': -121.80144}",2023-07-04T21:54:02+00:00,691386
71793,Sunnyside 93727,US,"{'latitude': 36.724483, 'longitude': -119.701645}",2023-07-04T21:54:04+00:00,2551142
235107,Squaw Valley,US,"{'latitude': 36.75685, 'longitude': -119.23455}",2023-07-04T21:54:02+00:00,1581487
268478,Owens Valley Unified School District,US,"{'latitude': 36.80291, 'longitude': -118.19678}",2023-07-04T21:54:04+00:00,1578204
69487,Palazzo’D,US,"{'latitude': 36.83982, 'longitude': -119.834625}",2023-07-04T21:54:02+00:00,2538786
1133237,Harbor Park,US,"{'latitude': 36.843327, 'longitude': -76.27942}",2023-07-04T21:54:02+00:00,62634
234196,Jones,US,"{'latitude': 36.858067, 'longitude': -119.72782}",2023-07-04T21:53:59+00:00,1765290
224883,Oxford Way,US,"{'latitude': 36.954292, 'longitude': -122.038315}",2023-07-04T21:54:06+00:00,2174958
63219,Cushnir,US,"{'latitude': 36.969025, 'longitude': -122.01181}",2023-07-04T21:53:59+00:00,2131824
399077,SCWS,US,"{'latitude': 37.005974, 'longitude': -122.07281}",2023-07-04T21:54:04+00:00,576798
235634,TurulKeble,US,"{'latitude': 37.040337, 'longitude': -122.02553}",2023-07-04T21:53:59+00:00,1710582
68451,Blue Bonnet Lane,US,"{'latitude': 37.04941, 'longitude': -122.02668}",2023-07-04T21:54:01+00:00,2486443
71707,Doe Hill,US,"{'latitude': 37.059986, 'longitude': -119.16983}",2023-07-04T21:54:01+00:00,1869918
366955,Vine Hill Garden,US,"{'latitude': 37.068127, 'longitude': -121.99821}",2023-07-04T21:54:00+00:00,567030
225881,Bohnen Road,US,"{'latitude': 37.070023, 'longitude': -121.95988}",2023-07-04T21:54:01+00:00,2023980
71899,Quail Hollow Bowl,US,"{'latitude': 37.08128, 'longitude': -122.07145}",2023-07-04T21:54:03+00:00,2450028
230875,RadioPrinceGeorge,US,"{'latitude': 37.087032, 'longitude': -77.38828}",2023-07-04T21:54:01+00:00,1735176
64315,Mosewatson,US,"{'latitude': 37.088825, 'longitude': -121.648895}",2023-07-04T21:54:03+00:00,2507478
235507,OFP,US,"{'latitude': 37.094696, 'longitude': -121.609535}",2023-07-04T21:54:05+00:00,1636999
64316,"Pheasant Run Golf Course #17 Chowchilla, Ca.",US,"{'latitude': 37.12282, 'longitude': -120.22234}",2023-07-04T21:54:01+00:00,2400588
63024,Huckleberry Woods,US,"{'latitude': 37.12985, 'longitude': -122.12196}",2023-07-04T21:54:02+00:00,2459154
64813,16605 Oak View Circle,US,"{'latitude': 37.138603, 'longitude': -121.59463}",2023-07-04T21:54:05+00:00,2389734
236111,Almaden Cabana Club,US,"{'latitude': 37.20969, 'longitude': -121.84097}",2023-07-04T21:54:02+00:00,1673466
232888,BlackberryHill900',US,"{'latitude': 37.214474, 'longitude': -121.95929}",2023-07-04T21:54:05+00:00,1340232
69000,Sanborn Park,US,"{'latitude': 37.22823, 'longitude': -122.05479}",2023-07-04T21:54:01+00:00,2534442
72282,Almaden Hills Estates,US,"{'latitude': 37.234093, 'longitude': -121.86431}",2023-07-04T21:54:00+00:00,2326926
1067378,The Ridge,US,"{'latitude': 37.254707, 'longitude': -80.06595}",2023-07-04T21:54:00+00:00,172164
64765,La Rinconada,US,"{'latitude': 37.25746, 'longitude': -121.96904}",2023-07-04T21:53:59+00:00,2134668
235855,Mozart,US,"{'latitude': 37.25965, 'longitude': -121.95788}",2023-07-04T21:54:04+00:00,1053738
227047,Chickadee1,US,"{'latitude': 37.2655, 'longitude': -107.87992}",2023-07-04T21:54:00+00:00,2091954
222252,Roundtree,US,"{'latitude': 37.26919, 'longitude': -121.98752}",2023-07-04T21:54:04+00:00,2366238
71811,Bees Knees,US,"{'latitude': 37.27943, 'longitude': -121.97542}",2023-07-04T21:54:04+00:00,2454786
67471,Stevens Canyon,US,"{'latitude': 37.28064, 'longitude': -122.11939}",2023-07-04T21:53:59+00:00,1892142
68268,Ute Pass West,US,"{'latitude': 37.304913, 'longitude': -107.81788}",2023-07-04T21:54:05+00:00,2408364
63685,K6TD,US,"{'latitude': 37.32555, 'longitude': -122.05785}",2023-07-04T21:54:03+00:00,2545554
72955,Yosemite High School,US,"{'latitude': 37.329117, 'longitude': -119.62987}",2023-07-04T21:54:02+00:00,1266498
69164,Cory/Valley Fair Neighborhood,US,"{'latitude': 37.33104, 'longitude': -121.94193}",2023-07-04T21:54:03+00:00,2512188
69233,Osborne Ave,US,"{'latitude': 37.332165, 'longitude': -121.957306}",2023-07-04T21:53:59+00:00,2368460
67690,Rocky Creek Road,US,"{'latitude': 37.33263, 'longitude': -122.20542}",2023-07-04T21:54:04+00:00,1836198
66954,Camino Hermoso,US,"{'latitude': 37.341526, 'longitude': -122.109085}",2023-07-04T21:54:03+00:00,2557233
62991,Purple95112,US,"{'latitude': 37.346676, 'longitude': -121.89556}",2023-07-04T21:54:05+00:00,2513053
66274,Winsor Hills,US,"{'latitude': 37.346687, 'longitude': -79.211266}",2023-07-04T21:54:00+00:00,2194362
67839,Fremont Ave / Oakhurst Ave,US,"{'latitude': 37.352345, 'longitude': -122.08342}",2023-07-04T21:54:03+00:00,2531412
71709,Magdalena,US,"{'latitude': 37.35873, 'longitude': -122.09728}",2023-07-04T21:53:59+00:00,2443581
1151910,Valley View Tito,US,"{'latitude': 37.362408, 'longitude': -122.10136}",2023-07-04T21:54:03+00:00,28476
236100,Shreve,US,"{'latitude': 37.364513, 'longitude': -122.15294}",2023-07-04T21:53:59+00:00,1637900
68691,Djerassi Resident Artists Program,US,"{'latitude': 37.365578, 'longitude': -122.299}",2023-07-04T21:54:04+00:00,2148054
67466,Alum Rock (Pala Ave),US,"{'latitude': 37.366795, 'longitude': -121.83837}",2023-07-04T21:54:01+00:00,2541691
234982,Gail Ave,US,"{'latitude': 37.366974, 'longitude': -122.01723}",2023-07-04T21:54:02+00:00,1480266
227616,HeyWay,US,"{'latitude': 37.37064, 'longitude': -122.07236}",2023-07-04T21:54:00+00:00,2041092
71495,Redwood Grove,US,"{'latitude': 37.37327, 'longitude': -122.119774}",2023-07-04T21:54:05+00:00,2082315
68585,Maro Drive San Jose,US,"{'latitude': 37.37329, 'longitude': -121.82781}",2023-07-04T21:54:06+00:00,2523834
68776,East Foothills,US,"{'latitude': 37.379654, 'longitude': -121.81301}",2023-07-04T21:54:02+00:00,2555952
230941,Lester's Fork,US,"{'latitude': 37.387596, 'longitude': -82.05022}",2023-07-04T21:54:04+00:00,1572792
229403,Pinewood Upper Campus,US,"{'latitude': 37.38775, 'longitude': -122.14273}",2023-07-04T21:54:03+00:00,1910118
71328,Sky Londa,US,"{'latitude': 37.388664, 'longitude': -122.2633}",2023-07-04T21:54:04+00:00,2481882
72929,Courtyards,US,"{'latitude': 37.396725, 'longitude': -122.08411}",2023-07-04T21:54:02+00:00,2436594
64037,Rex Manor,US,"{'latitude': 37.401047, 'longitude': -122.089935}",2023-07-04T21:53:59+00:00,2441292
69598,West_Floresta_Way,US,"{'latitude': 37.401638, 'longitude': -122.19773}",2023-07-04T21:54:03+00:00,2511972
66741,Ladera Rec,US,"{'latitude': 37.403973, 'longitude': -122.19848}",2023-07-04T21:54:01+00:00,2356818
271064,Cataldi,US,"{'latitude': 37.40528, 'longitude': -121.87308}",2023-07-04T21:54:00+00:00,1348698
218323,Hazelnut,US,"{'latitude': 37.406815, 'longitude': -121.89747}",2023-07-04T21:54:01+00:00,2542194
234946,The Coop,US,"{'latitude': 37.408405, 'longitude': -122.10086}",2023-07-04T21:54:03+00:00,1742713
64781,KCAWOODS6,US,"{'latitude': 37.420155, 'longitude': -122.24927}",2023-07-04T21:54:04+00:00,2514288
232623,Mitchell Park - by Nexla,US,"{'latitude': 37.423603, 'longitude': -122.116264}",2023-07-04T21:54:05+00:00,1757604
72663,unincorporated Santa Clara County,US,"{'latitude': 37.428905, 'longitude': -121.803955}",2023-07-04T21:54:05+00:00,2493402
356962,Bluey house,US,"{'latitude': 37.440678, 'longitude': -122.15662}",2023-07-04T21:54:04+00:00,765336
354550,Curtner Elementary School,US,"{'latitude': 37.440998, 'longitude': -121.91366}",2023-07-04T21:54:02+00:00,887172
71186,Bryant Street and Addison Avenue,US,"{'latitude': 37.441906, 'longitude': -122.15529}",2023-07-04T21:54:01+00:00,2545692
233429,243,US,"{'latitude': 37.44699, 'longitude': -122.21643}",2023-07-04T21:54:02+00:00,1714038
68467,17xx Hamilton Ave,US,"{'latitude': 37.44976, 'longitude': -122.13292}",2023-07-04T21:54:05+00:00,2532486
228325,230 Woodside Drive,US,"{'latitude': 37.450344, 'longitude': -122.23937}",2023-07-04T21:54:04+00:00,1984374
227254,ping0609@gmail.com,US,"{'latitude': 37.45201, 'longitude': -122.2073}",2023-07-04T21:54:05+00:00,1905060
65460,Palo Alto Ave between Fulton St and Everett Ave,US,"{'latitude': 37.454056, 'longitude': -122.1589}",2023-07-04T21:54:04+00:00,2527440
64363,Faded Giant,US,"{'latitude': 37.46538, 'longitude': -122.25515}",2023-07-04T21:53:59+00:00,2469744
71341,Redwood Oaks,US,"{'latitude': 37.468315, 'longitude': -122.217896}",2023-07-04T21:54:05+00:00,2561388
67207,Hawes Right Field,US,"{'latitude': 37.47196, 'longitude': -122.23194}",2023-07-04T21:53:59+00:00,2564172
72736,ABMR,US,"{'latitude': 37.477615, 'longitude': -122.23219}",2023-07-04T21:54:00+00:00,2509410
269647,Bootjack,US,"{'latitude': 37.49166, 'longitude': -119.91204}",2023-07-04T21:54:05+00:00,1616928
269368,Cherry,US,"{'latitude': 37.50888, 'longitude': -122.25506}",2023-07-04T21:53:59+00:00,1642892
277402,Orch backyard,US,"{'latitude': 37.51261, 'longitude': -122.29735}",2023-07-04T21:54:04+00:00,1329079
276531,Bunker Hill School,US,"{'latitude': 37.521603, 'longitude': -122.34236}",2023-07-04T21:54:03+00:00,1347180
71671,Bay Meadows,US,"{'latitude': 37.545204, 'longitude': -122.29749}",2023-07-04T21:54:02+00:00,2507790
232299,RWS Seabrook Court bayline,US,"{'latitude': 37.54766, 'longitude': -122.23628}",2023-07-04T21:54:01+00:00,1806804
66982,CARB_Smoke_MCAPCD_Wawona,US,"{'latitude': 37.550167, 'longitude': -119.64278}",2023-07-04T21:54:03+00:00,2486433
221086,Foster City Spinnaker Cove,US,"{'latitude': 37.552364, 'longitude': -122.28137}",2023-07-04T21:54:00+00:00,2401200
62718,Ralston Ave Hillsborough,US,"{'latitude': 37.554607, 'longitude': -122.3694}",2023-07-04T21:54:05+00:00,2566654
230208,525 El Cerrito,US,"{'latitude': 37.560143, 'longitude': -122.34217}",2023-07-04T21:54:00+00:00,1886377
70553,Foster City - Niantic Dr.,US,"{'latitude': 37.563614, 'longitude': -122.26319}",2023-07-04T21:53:59+00:00,2527182
62727,North Shoreview on the Corner,US,"{'latitude': 37.5776, 'longitude': -122.31586}",2023-07-04T21:54:00+00:00,2478627
69053,BurlingameHills,US,"{'latitude': 37.57804, 'longitude': -122.38727}",2023-07-04T21:54:05+00:00,2562354
234094,Garage,US,"{'latitude': 37.583836, 'longitude': -122.36194}",2023-07-04T21:54:02+00:00,1739508
370398,Empire,US,"{'latitude': 37.628807, 'longitude': -120.89965}",2023-07-04T21:54:02+00:00,537234
64414,H1 Castlewood,US,"{'latitude': 37.635647, 'longitude': -121.89352}",2023-07-04T21:54:03+00:00,2496654
69554,Sunol Ridge,US,"{'latitude': 37.644516, 'longitude': -121.94277}",2023-07-04T21:54:01+00:00,2506272
65501,Hayward West,US,"{'latitude': 37.645454, 'longitude': -122.11885}",2023-07-04T21:54:04+00:00,2479153
228986,Bartlett Place,US,"{'latitude': 37.648228, 'longitude': -121.86863}",2023-07-04T21:54:06+00:00,1914972
598765,Rise-8,US,"{'latitude': 37.652466, 'longitude': -122.44741}",2023-07-04T21:54:03+00:00,353484
62259,"pacifica, edgemar",US,"{'latitude': 37.652924, 'longitude': -122.483055}",2023-07-04T21:54:02+00:00,2561406
232681,Imperial Park,US,"{'latitude': 37.6555, 'longitude': -122.4775}",2023-07-04T21:54:03+00:00,1801626
729084,UCM-fa69,US,"{'latitude': 37.65781, 'longitude': -120.94095}",2023-07-04T21:54:05+00:00,334023
64169,Winery,US,"{'latitude': 37.662003, 'longitude': -121.7258}",2023-07-04T21:54:03+00:00,2526018
67622,Petite Sirah,US,"{'latitude': 37.664124, 'longitude': -121.90175}",2023-07-04T21:54:00+00:00,2462562
69244,PreservePleasanton,US,"{'latitude': 37.68733, 'longitude': -121.94043}",2023-07-04T21:54:05+00:00,2371782
71515,Rolando - Outside,US,"{'latitude': 37.701153, 'longitude': -122.10203}",2023-07-04T21:54:04+00:00,2252964
72194,Dublin Onyx,US,"{'latitude': 37.711723, 'longitude': -121.841644}",2023-07-04T21:53:59+00:00,2570868
69337,Amatchi,US,"{'latitude': 37.71314, 'longitude': -121.400345}",2023-07-04T21:53:59+00:00,2050674
67227,EWING ROAD - OUTSIDE,US,"{'latitude': 37.720356, 'longitude': -122.08364}",2023-07-04T21:54:01+00:00,2564700
67233,Columbia,US,"{'latitude': 37.725075, 'longitude': -122.05856}",2023-07-04T21:54:05+00:00,2556001
72384,Silver,US,"{'latitude': 37.728706, 'longitude': -122.41765}",2023-07-04T21:54:00+00:00,2463840
62417,St Mary's Park,US,"{'latitude': 37.733208, 'longitude': -122.42364}",2023-07-04T21:54:00+00:00,2507299
67705,LeBrun Estates,US,"{'latitude': 37.73332, 'longitude': -122.13488}",2023-07-04T21:54:01+00:00,1998858
221151,Molimo Manor,US,"{'latitude': 37.736603, 'longitude': -122.45108}",2023-07-04T21:54:03+00:00,1925622
62244,Bernellsworth,US,"{'latitude': 37.7367, 'longitude': -122.41505}",2023-07-04T21:53:59+00:00,2570940
228657,San Francisco / James Lick,US,"{'latitude': 37.749325, 'longitude': -122.43146}",2023-07-04T21:54:06+00:00,1917162
269680,Maison du Vin et Fromage,US,"{'latitude': 37.752125, 'longitude': -122.43994}",2023-07-04T21:53:59+00:00,1634409
235516,The Burrow,US,"{'latitude': 37.755627, 'longitude': -122.24205}",2023-07-04T21:54:01+00:00,1038559
73140,Valencia 20th,US,"{'latitude': 37.75838, 'longitude': -122.422386}",2023-07-04T21:54:02+00:00,2539038
65723,Alamo Square,US,"{'latitude': 37.77509, 'longitude': -122.433174}",2023-07-04T21:53:59+00:00,1042035
64428,Sherman Station,US,"{'latitude': 37.7755, 'longitude': -122.26367}",2023-07-04T21:54:02+00:00,2542464
272820,kiddie kampus,US,"{'latitude': 37.77695, 'longitude': -122.290405}",2023-07-04T21:53:59+00:00,1350347
70841,2600 Best Ave Outside,US,"{'latitude': 37.777813, 'longitude': -122.198685}",2023-07-04T21:54:02+00:00,2476152
68477,Skyline/Hansom,US,"{'latitude': 37.778927, 'longitude': -122.13869}",2023-07-04T21:53:59+00:00,2447916
71354,Mills College,US,"{'latitude': 37.781067, 'longitude': -122.18255}",2023-07-04T21:54:01+00:00,2540430
236160,Allendale Sunspot,US,"{'latitude': 37.785774, 'longitude': -122.20464}",2023-07-04T21:54:04+00:00,1708488
66235,WA6TYQ Tower,US,"{'latitude': 37.789845, 'longitude': -122.148384}",2023-07-04T21:53:59+00:00,2510604
228800,SK Patio,US,"{'latitude': 37.791164, 'longitude': -122.43373}",2023-07-04T21:54:00+00:00,1948242
233800,GP,US,"{'latitude': 37.7913, 'longitude': -122.14989}",2023-07-04T21:54:04+00:00,1715304
73322,Vista Tassajara,US,"{'latitude': 37.792183, 'longitude': -121.9088}",2023-07-04T21:54:03+00:00,2517606
362877,Bengali Street,US,"{'latitude': 37.79482, 'longitude': -121.87547}",2023-07-04T21:54:00+00:00,663692
233782,Birch Tree Oasis,US,"{'latitude': 37.79556, 'longitude': -121.91961}",2023-07-04T21:54:01+00:00,1745658
71436,"Cow Hollow, San Francisco",US,"{'latitude': 37.796654, 'longitude': -122.44107}",2023-07-04T21:54:00+00:00,2139462
227609,Wisconsin-Norton,US,"{'latitude': 37.798256, 'longitude': -122.19718}",2023-07-04T21:54:00+00:00,1919358
71125,Russian Hill Leavenworth,US,"{'latitude': 37.800568, 'longitude': -122.41753}",2023-07-04T21:53:59+00:00,2450922
69835,Glenview Oakland,US,"{'latitude': 37.80239, 'longitude': -122.227036}",2023-07-04T21:54:00+00:00,2320830
67753,"Per Pull Rane , Per Err Pull Ray Ain",US,"{'latitude': 37.80683, 'longitude': -122.220436}",2023-07-04T21:54:04+00:00,2169352
223075,DBA_OAK,US,"{'latitude': 37.811268, 'longitude': -122.27397}",2023-07-04T21:54:01+00:00,2011248
276595,Leimert Bridge SE,US,"{'latitude': 37.811623, 'longitude': -122.21332}",2023-07-04T21:54:00+00:00,1348572
234178,WSG,US,"{'latitude': 37.81265, 'longitude': -122.19595}",2023-07-04T21:54:01+00:00,1757532
220239,Ashmount,US,"{'latitude': 37.814625, 'longitude': -122.227234}",2023-07-04T21:54:04+00:00,2430894
73302,Central Piedmont. Caperton Ave,US,"{'latitude': 37.82214, 'longitude': -122.2275}",2023-07-04T21:54:02+00:00,2543268
64309,San Carlos and Oakland,US,"{'latitude': 37.82392, 'longitude': -122.23836}",2023-07-04T21:53:59+00:00,2160876
234076,Haverhill,US,"{'latitude': 37.824337, 'longitude': -122.19426}",2023-07-04T21:54:06+00:00,1627554
65810,Athenian Dase,US,"{'latitude': 37.826675, 'longitude': -121.95868}",2023-07-04T21:53:59+00:00,1255026
354663,Apgar Longfellow Outdoor,US,"{'latitude': 37.828903, 'longitude': -122.2721}",2023-07-04T21:54:00+00:00,858366
63522,Moraga Ave,US,"{'latitude': 37.83023, 'longitude': -122.23996}",2023-07-04T21:54:05+00:00,2527207
62692,Bingo&amp;Dog,US,"{'latitude': 37.834583, 'longitude': -122.186295}",2023-07-04T21:54:06+00:00,2464584
72565,Broadway,US,"{'latitude': 37.841827, 'longitude': -122.24774}",2023-07-04T21:54:03+00:00,2176482
68531,Fernwood backyard,US,"{'latitude': 37.847954, 'longitude': -122.12289}",2023-07-04T21:53:59+00:00,1760148
221259,MORAGA57,US,"{'latitude': 37.851658, 'longitude': -122.12118}",2023-07-04T21:54:01+00:00,2070042
63719,Hiller,US,"{'latitude': 37.853737, 'longitude': -122.2266}",2023-07-04T21:54:06+00:00,2554962
69702,2509 Prince St ,US,"{'latitude': 37.85431, 'longitude': -122.256004}",2023-07-04T21:54:05+00:00,2549646
66404,"Strathmoor Drive, Claremont Hills",US,"{'latitude': 37.862576, 'longitude': -122.225685}",2023-07-04T21:53:59+00:00,2539662
71150,Cowper St Sensor,US,"{'latitude': 37.867348, 'longitude': -122.29068}",2023-07-04T21:54:05+00:00,1560186
68789,Weather Tower,US,"{'latitude': 37.876976, 'longitude': -122.24854}",2023-07-04T21:54:05+00:00,2454000
67276,Hillside Pool Outside,US,"{'latitude': 37.877342, 'longitude': -122.084526}",2023-07-04T21:53:59+00:00,2546797
235057,Tarabrook Drive,US,"{'latitude': 37.87886, 'longitude': -122.17221}",2023-07-04T21:54:01+00:00,1425948
70790,BVW,US,"{'latitude': 37.882465, 'longitude': -122.25867}",2023-07-04T21:54:02+00:00,2470614
365513,Chez Smiener,US,"{'latitude': 37.882725, 'longitude': -122.26758}",2023-07-04T21:54:00+00:00,724248
68605,Bates-Warford,US,"{'latitude': 37.883358, 'longitude': -122.1757}",2023-07-04T21:54:06+00:00,2528988
63824,Boyer Circle,US,"{'latitude': 37.884678, 'longitude': -122.12302}",2023-07-04T21:54:06+00:00,2520570
63023,Orindawoods,US,"{'latitude': 37.88897, 'longitude': -122.180504}",2023-07-04T21:54:01+00:00,2504580
72183,Terra Bella,US,"{'latitude': 37.891804, 'longitude': -122.03113}",2023-07-04T21:53:59+00:00,2567712
357883,Orinda,US,"{'latitude': 37.89212, 'longitude': -122.20408}",2023-07-04T21:54:04+00:00,794976
72579,817,US,"{'latitude': 37.893917, 'longitude': -122.27123}",2023-07-04T21:54:01+00:00,2466120
236518,59Compound,US,"{'latitude': 37.89405, 'longitude': -122.18403}",2023-07-04T21:54:01+00:00,1575288
73214,Contra Costa,US,"{'latitude': 37.894917, 'longitude': -122.2764}",2023-07-04T21:54:03+00:00,2515140
68666,La Espiral,US,"{'latitude': 37.896217, 'longitude': -122.1807}",2023-07-04T21:54:01+00:00,2538792
63247,Hilldale1,US,"{'latitude': 37.899162, 'longitude': -122.26637}",2023-07-04T21:54:00+00:00,2342340
272946,Las Palomas,US,"{'latitude': 37.900024, 'longitude': -122.17643}",2023-07-04T21:54:02+00:00,862050
62316,Spruce Street,US,"{'latitude': 37.901466, 'longitude': -122.26915}",2023-07-04T21:54:06+00:00,2477940
73234,Kite Hill,US,"{'latitude': 37.90177, 'longitude': -122.138794}",2023-07-04T21:54:02+00:00,2506536
71284,St Jerome's,US,"{'latitude': 37.902485, 'longitude': -122.290474}",2023-07-04T21:54:05+00:00,2548194
69112,Buckwheat 2,US,"{'latitude': 37.90535, 'longitude': -122.49533}",2023-07-04T21:54:01+00:00,2268522
67757,Lower Alcatraz Place,US,"{'latitude': 37.908234, 'longitude': -122.549126}",2023-07-04T21:54:04+00:00,2535148
232549,Breakers Marina Bay,US,"{'latitude': 37.909946, 'longitude': -122.34203}",2023-07-04T21:54:02+00:00,1661823
235128,Dalewood Dr.,US,"{'latitude': 37.910316, 'longitude': -122.17924}",2023-07-04T21:54:02+00:00,1733352
66738,"Kensington, CA",US,"{'latitude': 37.912224, 'longitude': -122.27648}",2023-07-04T21:54:03+00:00,2542668
71087,BYL B,US,"{'latitude': 37.912655, 'longitude': -122.37988}",2023-07-04T21:54:05+00:00,2496810
71824,GLMS Kensington,US,"{'latitude': 37.913754, 'longitude': -122.28203}",2023-07-04T21:53:59+00:00,2473998
63511,Rancho San Miguel / Los Felicas,US,"{'latitude': 37.91439, 'longitude': -122.02962}",2023-07-04T21:54:00+00:00,2514936
277413,San Benito,US,"{'latitude': 37.914703, 'longitude': -122.03422}",2023-07-04T21:54:03+00:00,1341042
69464,Walnut Ave &amp; Dover Dr,US,"{'latitude': 37.915764, 'longitude': -122.02314}",2023-07-04T21:54:04+00:00,2458704
268874,"Deerpark Ct, Outside",US,"{'latitude': 37.92259, 'longitude': -122.014084}",2023-07-04T21:54:00+00:00,1526497
234741,Plank Court,US,"{'latitude': 37.92481, 'longitude': -122.30654}",2023-07-04T21:54:05+00:00,1699974
234945,Near bay,US,"{'latitude': 37.92835, 'longitude': -122.394745}",2023-07-04T21:54:02+00:00,1661592
62997,Eccleston &amp; Sun Valley,US,"{'latitude': 37.930737, 'longitude': -122.069466}",2023-07-04T21:53:59+00:00,2503478
1079509,154 collins GWR,US,"{'latitude': 37.93226, 'longitude': -122.37145}",2023-07-04T21:54:00+00:00,156416
230192,"230 monte vista ave, larkspur, ca, 94939",US,"{'latitude': 37.933697, 'longitude': -122.534424}",2023-07-04T21:53:59+00:00,1863390
229637,House 1 Upper Eunice,US,"{'latitude': 37.94668, 'longitude': -81.542984}",2023-07-04T21:54:06+00:00,1694088
67354,Marin Catholic,US,"{'latitude': 37.949493, 'longitude': -122.53703}",2023-07-04T21:54:00+00:00,2463210
222950,Olinda Road,US,"{'latitude': 37.957817, 'longitude': -122.274086}",2023-07-04T21:54:02+00:00,1850016
616897,Curtis Creek Ranch,US,"{'latitude': 37.96858, 'longitude': -120.29063}",2023-07-04T21:54:03+00:00,265794
73106,Robson Harrington,US,"{'latitude': 37.973755, 'longitude': -122.56796}",2023-07-04T21:53:59+00:00,2347326
226735,San Anselmo Town Hall,US,"{'latitude': 37.97465, 'longitude': -122.56291}",2023-07-04T21:53:59+00:00,2018298
355949,"Greenfield Ave, San Rafael, CA",US,"{'latitude': 37.97573, 'longitude': -122.54928}",2023-07-04T21:54:02+00:00,564978
70149,Camdenton AQI,US,"{'latitude': 38.002686, 'longitude': -92.75868}",2023-07-04T21:54:03+00:00,2560074
71073,Terra Linda,US,"{'latitude': 38.003185, 'longitude': -122.55959}",2023-07-04T21:54:06+00:00,2534088
223887,Delta,US,"{'latitude': 38.004326, 'longitude': -121.624985}",2023-07-04T21:53:59+00:00,2179986
67616,Orange Blossom,US,"{'latitude': 38.011585, 'longitude': -122.547935}",2023-07-04T21:54:02+00:00,2450100
66895,Mt Tallac Ct,US,"{'latitude': 38.03008, 'longitude': -122.580956}",2023-07-04T21:54:03+00:00,2459046
743429,Mt Shasta Dr.,US,"{'latitude': 38.030663, 'longitude': -122.57525}",2023-07-04T21:54:00+00:00,381336
1079243,Preston Place,US,"{'latitude': 38.042538, 'longitude': -78.498634}",2023-07-04T21:54:02+00:00,150488
67398,Country Club,US,"{'latitude': 38.06762, 'longitude': -122.565475}",2023-07-04T21:54:04+00:00,2340444
67773,"Harbour Towne, Glen Cove",US,"{'latitude': 38.07087, 'longitude': -122.21457}",2023-07-04T21:53:59+00:00,2543185
68781,263 Montego Key,US,"{'latitude': 38.088905, 'longitude': -122.518005}",2023-07-04T21:54:02+00:00,2394336
66516,Crozet Farmhouse,US,"{'latitude': 38.08987, 'longitude': -78.67822}",2023-07-04T21:53:59+00:00,2349927
73092,Indian Valley,US,"{'latitude': 38.092266, 'longitude': -122.576904}",2023-07-04T21:54:02+00:00,2547294
69610,Long Barn - Pumping Station,US,"{'latitude': 38.09294, 'longitude': -120.13053}",2023-07-04T21:54:01+00:00,1604520
62861,Chicken Ranch Beach 94937,US,"{'latitude': 38.111233, 'longitude': -122.86595}",2023-07-04T21:54:02+00:00,2333778
64818,fox den,US,"{'latitude': 38.111565, 'longitude': -122.586464}",2023-07-04T21:54:01+00:00,2346894
69124,Crest Road Deck,US,"{'latitude': 38.11238, 'longitude': -122.5131}",2023-07-04T21:54:01+00:00,2540934
226642,"Santa Claus, Indiana",US,"{'latitude': 38.11482, 'longitude': -86.940926}",2023-07-04T21:54:02+00:00,2004132
73673,Murphys Downtown,US,"{'latitude': 38.138493, 'longitude': -120.46446}",2023-07-04T21:54:06+00:00,2407596
232597,Barinaga Ranch,US,"{'latitude': 38.150974, 'longitude': -122.863945}",2023-07-04T21:53:59+00:00,1797960
269946,ACHS Wolf Den Stadium,US,"{'latitude': 38.162666, 'longitude': -122.231346}",2023-07-04T21:54:03+00:00,1599840
229466,Sheep Ranch,US,"{'latitude': 38.208424, 'longitude': -120.46257}",2023-07-04T21:53:59+00:00,1880454
230448,2700 LOW CT FAIRFIELD - OUTDOOR (ROOFTOP),US,"{'latitude': 38.23715, 'longitude': -122.085014}",2023-07-04T21:54:05+00:00,1813008
225028,Virtual Academy Back Right Sensor,US,"{'latitude': 38.240746, 'longitude': -76.49456}",2023-07-04T21:54:00+00:00,2199150
71197,Lake Mont Pines,US,"{'latitude': 38.240902, 'longitude': -120.3744}",2023-07-04T21:54:02+00:00,2447730
227468,CPCS Front Sensor,US,"{'latitude': 38.24285, 'longitude': -76.49258}",2023-07-04T21:54:01+00:00,1914858
272944,"Elm Dr &amp; Cherry St, Petaluma",US,"{'latitude': 38.24472, 'longitude': -122.6564}",2023-07-04T21:54:05+00:00,1363627
62871,Lundberg Ave,US,"{'latitude': 38.246586, 'longitude': -122.70894}",2023-07-04T21:54:01+00:00,1350090
231109,tuftfarm,US,"{'latitude': 38.26004, 'longitude': -122.67027}",2023-07-04T21:54:02+00:00,1473636
234803,BLS- Augusta Dr.,US,"{'latitude': 38.261528, 'longitude': -120.32755}",2023-07-04T21:54:02+00:00,1653342
65051,"Anchorage, Kentucky - Maple Lane",US,"{'latitude': 38.2623, 'longitude': -85.5388}",2023-07-04T21:54:01+00:00,2037318
69102,Galt,US,"{'latitude': 38.262512, 'longitude': -121.29065}",2023-07-04T21:54:05+00:00,2138814
62946,McBrown,US,"{'latitude': 38.2678, 'longitude': -122.71294}",2023-07-04T21:54:03+00:00,1838220
235072,Saige’s Oasis,US,"{'latitude': 38.27387, 'longitude': -122.64855}",2023-07-04T21:54:05+00:00,1687692
224759,GHES Back Sensor,US,"{'latitude': 38.294228, 'longitude': -76.483215}",2023-07-04T21:54:01+00:00,2204586
70472,El Verano West,US,"{'latitude': 38.294872, 'longitude': -122.49279}",2023-07-04T21:54:04+00:00,2472210
286473,Hawks Beard,US,"{'latitude': 38.295074, 'longitude': -122.53546}",2023-07-04T21:54:01+00:00,1265370
224502,DES Back Sensor,US,"{'latitude': 38.313282, 'longitude': -76.75868}",2023-07-04T21:54:02+00:00,1908894
70630,Agua Caliente,US,"{'latitude': 38.32229, 'longitude': -122.48544}",2023-07-04T21:54:01+00:00,2548560
62865,Shelter Creek,US,"{'latitude': 38.32756, 'longitude': -122.29209}",2023-07-04T21:54:04+00:00,2412294
65020,Geek Orchard,US,"{'latitude': 38.34834, 'longitude': -122.78992}",2023-07-04T21:54:00+00:00,2415954
66249,Rohnert Park,US,"{'latitude': 38.352554, 'longitude': -122.69346}",2023-07-04T21:54:06+00:00,2468580
64292,Boyd Family Vineyards,US,"{'latitude': 38.352825, 'longitude': -122.29837}",2023-07-04T21:54:00+00:00,1588146
71225,Yountville Community Center,US,"{'latitude': 38.401573, 'longitude': -122.36042}",2023-07-04T21:54:04+00:00,2118876
233859,Cassinelli Ranch Road,US,"{'latitude': 38.405262, 'longitude': -120.77557}",2023-07-04T21:54:04+00:00,1739196
64085,Bennett Vista Place,US,"{'latitude': 38.40561, 'longitude': -122.61685}",2023-07-04T21:54:04+00:00,2515434
224271,Green Valley Oasis,US,"{'latitude': 38.444996, 'longitude': -122.89957}",2023-07-04T21:53:59+00:00,1667678
67921,Oakville Crossroad,US,"{'latitude': 38.445232, 'longitude': -122.385284}",2023-07-04T21:54:03+00:00,2470002
64065,eadhar ur,US,"{'latitude': 38.448433, 'longitude': -122.67508}",2023-07-04T21:53:59+00:00,2195076
73669,Volcano Trail,US,"{'latitude': 38.461086, 'longitude': -120.56692}",2023-07-04T21:53:59+00:00,1694862
230148,Duncan's PurpleAir,US,"{'latitude': 38.46513, 'longitude': -121.38427}",2023-07-04T21:54:05+00:00,1824054
69574,Marit-out Gene,US,"{'latitude': 38.469227, 'longitude': -122.64945}",2023-07-04T21:54:01+00:00,2524386
668781,John Still Middle School,US,"{'latitude': 38.47633, 'longitude': -121.484634}",2023-07-04T21:54:04+00:00,377496
339738,Zinfandel Ln,US,"{'latitude': 38.477413, 'longitude': -122.44961}",2023-07-04T21:54:02+00:00,1023678
234127,MFV Winery,US,"{'latitude': 38.47999, 'longitude': -120.63565}",2023-07-04T21:54:02+00:00,1752612
64182,Pyramid outside,US,"{'latitude': 38.48354, 'longitude': -123.14518}",2023-07-04T21:54:05+00:00,366168
729799,1404 lomas way sacramento ca 95822,US,"{'latitude': 38.48744, 'longitude': -121.5047}",2023-07-04T21:54:00+00:00,272526
233540,Lindale North,US,"{'latitude': 38.497, 'longitude': -121.41784}",2023-07-04T21:54:00+00:00,1761528
63887,NoSoCoAir_SummerHomePark_CARB,US,"{'latitude': 38.497692, 'longitude': -122.93829}",2023-07-04T21:54:03+00:00,2432508
235098,Fawn Park Estates,US,"{'latitude': 38.525105, 'longitude': -122.476494}",2023-07-04T21:54:01+00:00,1625941
837114,Attawa,US,"{'latitude': 38.533802, 'longitude': -121.48451}",2023-07-04T21:54:04+00:00,382020
233580,Mariposa Circle,US,"{'latitude': 38.53594, 'longitude': -121.72197}",2023-07-04T21:54:03+00:00,1756386
292851,Mohrhardt,US,"{'latitude': 38.540863, 'longitude': -123.096634}",2023-07-04T21:54:02+00:00,1227060
235825,Mohrhardt Ranch,US,"{'latitude': 38.544415, 'longitude': -123.094444}",2023-07-04T21:54:01+00:00,1635258
403483,Doc Oliver Field,US,"{'latitude': 38.54464, 'longitude': -121.500465}",2023-07-04T21:54:03+00:00,487662
67644,8566 outside,US,"{'latitude': 38.55301, 'longitude': -122.72192}",2023-07-04T21:54:02+00:00,2485986
70388,Chestnut Park,US,"{'latitude': 38.555035, 'longitude': -121.73035}",2023-07-04T21:54:04+00:00,2507190
231213,Admiral Dewey,US,"{'latitude': 38.56108, 'longitude': -122.4357}",2023-07-04T21:54:05+00:00,447696
276400,Santa Ynez sensor,US,"{'latitude': 38.564297, 'longitude': -121.462265}",2023-07-04T21:54:03+00:00,1268570
72379,Dunaweal Lane,US,"{'latitude': 38.56561, 'longitude': -122.557465}",2023-07-04T21:54:02+00:00,2529528
354063,GBUAPCD_colevilleHS,US,"{'latitude': 38.56804, 'longitude': -119.508385}",2023-07-04T21:54:02+00:00,893478
355794,F St Alley,US,"{'latitude': 38.57274, 'longitude': -121.44761}",2023-07-04T21:54:05+00:00,862908
233910,Barn,US,"{'latitude': 38.577183, 'longitude': -121.86685}",2023-07-04T21:54:02+00:00,1198128
618238,ArdenAirQ1,US,"{'latitude': 38.603767, 'longitude': -121.42147}",2023-07-04T21:54:05+00:00,393936
653099,301 Harding Ave,US,"{'latitude': 38.6089, 'longitude': -121.470055}",2023-07-04T21:54:03+00:00,392484
683893,MRH Elementary,US,"{'latitude': 38.62259, 'longitude': -90.31441}",2023-07-04T21:54:04+00:00,392388
234985,Blackstone EDH,US,"{'latitude': 38.633472, 'longitude': -121.04827}",2023-07-04T21:54:06+00:00,1659180
234629,140 Buchanan Ln   Castle Valley,US,"{'latitude': 38.638466, 'longitude': -109.40308}",2023-07-04T21:54:03+00:00,1691382
71256,Greene Family,US,"{'latitude': 38.6466, 'longitude': -121.73964}",2023-07-04T21:54:05+00:00,1934496
366553,Second Presbyterian Church,US,"{'latitude': 38.647198, 'longitude': -90.25604}",2023-07-04T21:54:05+00:00,387084
826844,747 Santa Ana Ave.,US,"{'latitude': 38.65867, 'longitude': -121.44844}",2023-07-04T21:54:05+00:00,384210
235801,Frei Winery Lab,US,"{'latitude': 38.65948, 'longitude': -122.91531}",2023-07-04T21:54:02+00:00,848263
63843,EDCAQMD Koki Ln.,US,"{'latitude': 38.67713, 'longitude': -120.83917}",2023-07-04T21:54:03+00:00,2548164
235042,Parkview Heights,US,"{'latitude': 38.679905, 'longitude': -121.082115}",2023-07-04T21:54:04+00:00,1738620
229313,"Folsom, California",US,"{'latitude': 38.6852, 'longitude': -121.10758}",2023-07-04T21:54:01+00:00,1144314
234561,Sterlingshire,US,"{'latitude': 38.708763, 'longitude': -121.05941}",2023-07-04T21:54:06+00:00,1447968
277415,Rancho Ponderosa,US,"{'latitude': 38.71321, 'longitude': -120.94451}",2023-07-04T21:54:04+00:00,1348303
68984,Horicon Elementary School,US,"{'latitude': 38.717724, 'longitude': -123.36733}",2023-07-04T21:54:00+00:00,2551164
361365,Chamberlain Street,US,"{'latitude': 38.725582, 'longitude': -120.8039}",2023-07-04T21:54:02+00:00,759276
234223,Folsom Lake Estates North,US,"{'latitude': 38.7268, 'longitude': -121.18238}",2023-07-04T21:54:06+00:00,1675608
235635,Grimace,US,"{'latitude': 38.730003, 'longitude': -121.23784}",2023-07-04T21:54:01+00:00,1720916
65880,Bella Vista,US,"{'latitude': 38.733143, 'longitude': -120.57376}",2023-07-04T21:54:06+00:00,3832734
409725,Blessed Teresa of Calcutta School,US,"{'latitude': 38.74849, 'longitude': -90.29861}",2023-07-04T21:54:01+00:00,524880
66338,Durst Organic Growers Farm,US,"{'latitude': 38.752674, 'longitude': -122.02434}",2023-07-04T21:53:59+00:00,2479548
230917,Bub - Cerritos,US,"{'latitude': 38.753822, 'longitude': -121.29754}",2023-07-04T21:54:02+00:00,1389018
224189,Ridgeway,US,"{'latitude': 38.757187, 'longitude': -120.58382}",2023-07-04T21:54:03+00:00,2215710
63771,Yocha Dehe Wintun Nation,US,"{'latitude': 38.760204, 'longitude': -122.15165}",2023-07-04T21:54:00+00:00,2332764
223934,"Western Burke, VA",US,"{'latitude': 38.77549, 'longitude': -77.28444}",2023-07-04T21:54:04+00:00,1796766
236290,Strawberry HW50,US,"{'latitude': 38.802338, 'longitude': -120.14262}",2023-07-04T21:53:59+00:00,1337994
1067063,Groveton Road,US,"{'latitude': 38.804283, 'longitude': -77.54854}",2023-07-04T21:54:02+00:00,195468
269581,Fox Hill,US,"{'latitude': 38.81529, 'longitude': -121.24259}",2023-07-04T21:54:01+00:00,924834
227839,Guinda YS,US,"{'latitude': 38.830544, 'longitude': -122.19327}",2023-07-04T21:54:05+00:00,1989780
276372,"Lincoln, CA Ridgecrest Ct",US,"{'latitude': 38.84163, 'longitude': -121.24881}",2023-07-04T21:54:03+00:00,1202520
271171,Rhino Stadium,US,"{'latitude': 38.84884, 'longitude': -121.29564}",2023-07-04T21:54:06+00:00,1111754
353581,"7940 Freehollow Dr, FC, VA",US,"{'latitude': 38.85688, 'longitude': -77.21795}",2023-07-04T21:53:59+00:00,915210
63306,Ojibwa St,US,"{'latitude': 38.858486, 'longitude': -119.99915}",2023-07-04T21:54:00+00:00,1876506
352528,Vintage Oaks Sunvalley,US,"{'latitude': 38.868004, 'longitude': -121.08737}",2023-07-04T21:54:04+00:00,951732
65823,Falls Church - Westwood Park,US,"{'latitude': 38.88765, 'longitude': -77.20436}",2023-07-04T21:54:04+00:00,2468310
353306,Ophir Elementary PA,US,"{'latitude': 38.89649, 'longitude': -121.12601}",2023-07-04T21:54:06+00:00,903864
921067,ShadowWoods,US,"{'latitude': 38.899067, 'longitude': -121.00405}",2023-07-04T21:54:06+00:00,325424
69220,Angora,US,"{'latitude': 38.899742, 'longitude': -120.033806}",2023-07-04T21:54:05+00:00,2457588
63696,Gardner Mtn - Shady,US,"{'latitude': 38.914734, 'longitude': -120.01757}",2023-07-04T21:54:02+00:00,2457713
359859,N forty road,US,"{'latitude': 38.921253, 'longitude': -121.22139}",2023-07-04T21:54:03+00:00,764640
71104,CheverlyAQM_W2_1r,US,"{'latitude': 38.927303, 'longitude': -76.92099}",2023-07-04T21:54:01+00:00,2428524
268642,"6224 Feet, South Lake Tahoe",US,"{'latitude': 38.956844, 'longitude': -119.94262}",2023-07-04T21:54:01+00:00,1663302
63139,Rocky Mtn Biological Lab,US,"{'latitude': 38.958454, 'longitude': -106.98805}",2023-07-04T21:54:01+00:00,2566020
363008,1620 Bandit Loop,US,"{'latitude': 38.959072, 'longitude': -77.33285}",2023-07-04T21:54:01+00:00,736686
68853,CARB_PCAPCD _SMOKE _SHERIDAN ,US,"{'latitude': 38.983154, 'longitude': -121.3733}",2023-07-04T21:53:59+00:00,2542020
233433,LCSD-Yerington,US,"{'latitude': 38.99373, 'longitude': -119.160164}",2023-07-04T21:54:04+00:00,1709562
232332,Refuge Ranch,US,"{'latitude': 39.00252, 'longitude': -119.83543}",2023-07-04T21:54:05+00:00,1583898
68063,CARB_SMOKE_LCAQMD_BVR_PRESCH,US,"{'latitude': 39.01521, 'longitude': -122.88955}",2023-07-04T21:53:59+00:00,2353926
64083,Wilbur Hot Springs,US,"{'latitude': 39.037834, 'longitude': -122.42528}",2023-07-04T21:54:02+00:00,2458710
67531,Scissors home,US,"{'latitude': 39.05056, 'longitude': -108.58096}",2023-07-04T21:54:01+00:00,2235306
63561,CARB_SMOKE_LCAQMD_LAKEPORT_ELEMENTARY,US,"{'latitude': 39.059498, 'longitude': -122.91493}",2023-07-04T21:54:03+00:00,2506824
299485,Meiser's,US,"{'latitude': 39.104435, 'longitude': -84.553116}",2023-07-04T21:54:03+00:00,1138566
160520,robin hill,US,"{'latitude': 39.110634, 'longitude': -122.89285}",2023-07-04T21:54:02+00:00,2471634
70495,Ukiah,US,"{'latitude': 39.119774, 'longitude': -123.20554}",2023-07-04T21:53:59+00:00,2436072
278330,Bear River Canyon,US,"{'latitude': 39.125595, 'longitude': -120.95997}",2023-07-04T21:54:03+00:00,1315053
232935,Tahoe Park Beach,US,"{'latitude': 39.141224, 'longitude': -120.1531}",2023-07-04T21:54:04+00:00,1308462
339804,"Carrie Drive, Grass Valley",US,"{'latitude': 39.143032, 'longitude': -121.038956}",2023-07-04T21:54:05+00:00,1012117
566870,SA3,US,"{'latitude': 39.14595, 'longitude': -94.7854}",2023-07-04T21:54:04+00:00,415150
219573,NDEP-1,US,"{'latitude': 39.146, 'longitude': -119.7668}",2023-07-04T21:54:02+00:00,107838
377693,Brynn,US,"{'latitude': 39.165894, 'longitude': -84.53626}",2023-07-04T21:54:00+00:00,552691
78896,Trapper McNutt Alpine Meadows,US,"{'latitude': 39.179066, 'longitude': -120.22253}",2023-07-04T21:54:04+00:00,1210428
363408,Gopher Hill Apples,US,"{'latitude': 39.187283, 'longitude': -121.004875}",2023-07-04T21:54:04+00:00,726144
270479,Jeffery,US,"{'latitude': 39.210724, 'longitude': -120.09041}",2023-07-04T21:54:02+00:00,1554366
232214,Cypress Hill,US,"{'latitude': 39.227062, 'longitude': -121.05777}",2023-07-04T21:54:04+00:00,1226497
67403,Agate Bay,US,"{'latitude': 39.235676, 'longitude': -120.074684}",2023-07-04T21:54:00+00:00,2543544
927348,Hemingway Temple AME,US,"{'latitude': 39.248917, 'longitude': -76.626976}",2023-07-04T21:54:01+00:00,196818
71593,TERC Upper,US,"{'latitude': 39.258934, 'longitude': -119.967026}",2023-07-04T21:54:03+00:00,2540322
69082,Eagle Feather,US,"{'latitude': 39.27733, 'longitude': -120.1255}",2023-07-04T21:54:04+00:00,2466186
292267,New Lawrence Road,US,"{'latitude': 39.278294, 'longitude': -94.94477}",2023-07-04T21:54:02+00:00,1228224
235900,Truckee Condo,US,"{'latitude': 39.321056, 'longitude': -120.213005}",2023-07-04T21:54:06+00:00,1705963
357910,WinterCampWay,US,"{'latitude': 39.321766, 'longitude': -120.22864}",2023-07-04T21:54:02+00:00,804036
233091,The Light of Dog Farm,US,"{'latitude': 39.339935, 'longitude': -104.96673}",2023-07-04T21:54:02+00:00,1756170
232350,Lobos Lodge,US,"{'latitude': 39.348427, 'longitude': -120.1008}",2023-07-04T21:54:04+00:00,911574
235183,Muhlebach way,US,"{'latitude': 39.355114, 'longitude': -120.22617}",2023-07-04T21:54:05+00:00,1689636
226684,CARB SMOKE FRAQMD YESCharter,US,"{'latitude': 39.36359, 'longitude': -121.24538}",2023-07-04T21:54:02+00:00,1264680
361511,Larrea,US,"{'latitude': 39.373566, 'longitude': -119.82937}",2023-07-04T21:54:02+00:00,740598
229958,Stovepipe outside,US,"{'latitude': 39.380623, 'longitude': -119.63207}",2023-07-04T21:54:06+00:00,1675707
233074,Parisian court,US,"{'latitude': 39.383186, 'longitude': -119.815346}",2023-07-04T21:54:01+00:00,1593462
231350,Deer Clover,US,"{'latitude': 39.473034, 'longitude': -104.89981}",2023-07-04T21:54:03+00:00,1830498
926562,Bazil AME,US,"{'latitude': 39.48288, 'longitude': -76.630135}",2023-07-04T21:54:06+00:00,278810
357898,WSMART100,US,"{'latitude': 39.484962, 'longitude': -118.75889}",2023-07-04T21:54:02+00:00,772944
67150,Laureldale,US,"{'latitude': 39.520634, 'longitude': -74.68271}",2023-07-04T21:53:59+00:00,311682
231051,Greater Nevada Field,US,"{'latitude': 39.528507, 'longitude': -119.80917}",2023-07-04T21:54:04+00:00,644046
232190,Trailmark,US,"{'latitude': 39.54137, 'longitude': -105.110695}",2023-07-04T21:54:00+00:00,1815900
72824,Bitterroot Place,US,"{'latitude': 39.54988, 'longitude': -105.015366}",2023-07-04T21:53:59+00:00,2571150
62336,Ken Caryl Valley,US,"{'latitude': 39.57542, 'longitude': -105.16082}",2023-07-04T21:54:06+00:00,2567544
69316,Saddle Rock South,US,"{'latitude': 39.589264, 'longitude': -104.73701}",2023-07-04T21:53:59+00:00,2516064
338902,KM4PFH,US,"{'latitude': 39.598278, 'longitude': -119.23962}",2023-07-04T21:54:02+00:00,1023234
69792,SRRanches,US,"{'latitude': 39.60088, 'longitude': -104.73798}",2023-07-04T21:54:02+00:00,2494851
236155,Cordillera- Summit,US,"{'latitude': 39.612022, 'longitude': -106.70815}",2023-07-04T21:54:04+00:00,1635123
365996,Servants Quarters,US,"{'latitude': 39.627007, 'longitude': -105.14634}",2023-07-04T21:54:05+00:00,713508
70744,Vail-Northside,US,"{'latitude': 39.641407, 'longitude': -106.40086}",2023-07-04T21:54:06+00:00,2215164
69642,Evergreen @ Hiwan,US,"{'latitude': 39.66812, 'longitude': -105.33844}",2023-07-04T21:54:05+00:00,2502264
69315,Gopher70,US,"{'latitude': 39.67582, 'longitude': -105.26798}",2023-07-04T21:54:02+00:00,2083320
68891,Laytonville Unified School District ,US,"{'latitude': 39.685993, 'longitude': -123.482956}",2023-07-04T21:53:59+00:00,2537580
362862,Silly J air,US,"{'latitude': 39.689774, 'longitude': -119.90899}",2023-07-04T21:54:03+00:00,660999
68488,Whitehawk,US,"{'latitude': 39.716995, 'longitude': -120.55627}",2023-07-04T21:54:01+00:00,2434452
228967,Dudley St,US,"{'latitude': 39.74456, 'longitude': -105.09453}",2023-07-04T21:54:04+00:00,1934286
233967,Verbena Fields,US,"{'latitude': 39.753723, 'longitude': -121.81655}",2023-07-04T21:54:04+00:00,1751646
232746,Fruitdale,US,"{'latitude': 39.778137, 'longitude': -105.11771}",2023-07-04T21:54:02+00:00,1746210
64696,Montgomery Woods,US,"{'latitude': 39.78744, 'longitude': -75.67614}",2023-07-04T21:54:05+00:00,2565444
69330,CLA5001,US,"{'latitude': 39.80924, 'longitude': -75.43927}",2023-07-04T21:54:01+00:00,2531034
235256,Cummings,US,"{'latitude': 39.830994, 'longitude': -123.61293}",2023-07-04T21:54:04+00:00,1719210
228341,North40,US,"{'latitude': 39.8496, 'longitude': -121.92277}",2023-07-04T21:54:03+00:00,1618164
275440,MORPC_25,US,"{'latitude': 39.889465, 'longitude': -82.996895}",2023-07-04T21:54:01+00:00,1273368
297380,Snyder Way,US,"{'latitude': 39.944534, 'longitude': -105.153145}",2023-07-04T21:54:02+00:00,1212126
317005,MORPC_30,US,"{'latitude': 39.96028, 'longitude': -83.006294}",2023-07-04T21:54:01+00:00,1110687
279184,Lark Ave - Louisville,US,"{'latitude': 39.965553, 'longitude': -105.160416}",2023-07-04T21:54:03+00:00,1298480
339772,Imig Music,US,"{'latitude': 40.006, 'longitude': -105.269}",2023-07-04T21:54:03+00:00,586308
66598,Bella,US,"{'latitude': 40.015575, 'longitude': -105.269356}",2023-07-04T21:54:04+00:00,2390238
161786,Grape_and_Broadway,US,"{'latitude': 40.03435, 'longitude': -105.2821}",2023-07-04T21:54:00+00:00,2339076
235790,Boulder Waldorf Kindergarten,US,"{'latitude': 40.04967, 'longitude': -105.27232}",2023-07-04T21:54:02+00:00,111330
492245,Wonderland Lake,US,"{'latitude': 40.052193, 'longitude': -105.28885}",2023-07-04T21:54:06+00:00,454872
355370,NE Elkins Park PA.,US,"{'latitude': 40.078087, 'longitude': -75.1096}",2023-07-04T21:54:04+00:00,823464
71210,Boulder Heights,US,"{'latitude': 40.08223, 'longitude': -105.358086}",2023-07-04T21:54:04+00:00,2459076
68174,Warnow-Chacko,US,"{'latitude': 40.09578, 'longitude': -88.315544}",2023-07-04T21:54:00+00:00,256749
231820,Snead Ct,US,"{'latitude': 40.096222, 'longitude': -105.24513}",2023-07-04T21:54:05+00:00,1817232
292159,Free Library of Springfield Township,US,"{'latitude': 40.097954, 'longitude': -75.195045}",2023-07-04T21:54:03+00:00,934800
311847,SoHum Health/Garberville Rotary,US,"{'latitude': 40.101994, 'longitude': -123.79238}",2023-07-04T21:54:05+00:00,1107895
72636,Spanish Fork Cemetery,US,"{'latitude': 40.103344, 'longitude': -111.645096}",2023-07-04T21:54:06+00:00,2569608
64326,Creekside and Sunset,US,"{'latitude': 40.134445, 'longitude': -105.12334}",2023-07-04T21:53:59+00:00,2469930
277489,Salina,US,"{'latitude': 40.193325, 'longitude': -105.11421}",2023-07-04T21:54:02+00:00,1323642
1074940,Robbinsville,US,"{'latitude': 40.20594, 'longitude': -74.61353}",2023-07-04T21:54:05+00:00,160147
73014,Jill G,US,"{'latitude': 40.246975, 'longitude': -75.23712}",2023-07-04T21:53:59+00:00,2469276
65948,Orem Lakeside Sports Park North,US,"{'latitude': 40.293507, 'longitude': -111.739006}",2023-07-04T21:53:59+00:00,2476206
67533,Orem Mountain View High powered by UTOPIA Fiber,US,"{'latitude': 40.295696, 'longitude': -111.71418}",2023-07-04T21:54:04+00:00,301854
370215,Sir James,US,"{'latitude': 40.327843, 'longitude': -80.20408}",2023-07-04T21:54:00+00:00,656436
63963,Lindon 200 S Pioneer Ln powered by UTOPIA Fiber,US,"{'latitude': 40.333355, 'longitude': -111.751335}",2023-07-04T21:54:03+00:00,2019336
72060,Cecil 1,US,"{'latitude': 40.33453, 'longitude': -80.21429}",2023-07-04T21:54:01+00:00,2523072
68870,Cottonwood Union School District - DO,US,"{'latitude': 40.38606, 'longitude': -122.291145}",2023-07-04T21:54:01+00:00,2568354
278440,Miravalle CO,US,"{'latitude': 40.394596, 'longitude': -105.186295}",2023-07-04T21:54:01+00:00,1259808
234686,Cranberry Farms,US,"{'latitude': 40.418488, 'longitude': -111.8902}",2023-07-04T21:54:00+00:00,1501220
305248,ROCIS_m3b7_O,US,"{'latitude': 40.433517, 'longitude': -79.86286}",2023-07-04T21:54:06+00:00,1179267
66262,Prairies Edge,US,"{'latitude': 40.438553, 'longitude': -105.053764}",2023-07-04T21:54:04+00:00,2491938
275897,PPT A06,US,"{'latitude': 40.43943, 'longitude': -79.7487}",2023-07-04T21:54:00+00:00,411786
62519,Traverse Mountain - Woodhaven,US,"{'latitude': 40.44844, 'longitude': -111.88457}",2023-07-04T21:54:01+00:00,2534784
232195,Bluffdale RRP,US,"{'latitude': 40.45019, 'longitude': -111.93361}",2023-07-04T21:53:59+00:00,1806510
62471,5003T ac1b,US,"{'latitude': 40.47354, 'longitude': -111.88429}",2023-07-04T21:54:02+00:00,315054
70350,Oz 7bd4,US,"{'latitude': 40.47583, 'longitude': -111.886955}",2023-07-04T21:54:01+00:00,2295536
70762,Draper Bench VOC 3,US,"{'latitude': 40.47587, 'longitude': -111.886765}",2023-07-04T21:54:05+00:00,2562746
312540,Draper-ManillaDr,US,"{'latitude': 40.484627, 'longitude': -111.87953}",2023-07-04T21:54:06+00:00,1088370
70754,Parkside in Normal,US,"{'latitude': 40.50698, 'longitude': -89.02145}",2023-07-04T21:54:06+00:00,2325882
270972,ROCIS-z5g7-O,US,"{'latitude': 40.510864, 'longitude': -80.07606}",2023-07-04T21:54:00+00:00,1355671
72075,W. O'hara Township,US,"{'latitude': 40.516006, 'longitude': -79.93311}",2023-07-04T21:54:02+00:00,2544882
67516,Riverton,US,"{'latitude': 40.522305, 'longitude': -111.92919}",2023-07-04T21:54:00+00:00,2552304
67205,Benson home,US,"{'latitude': 40.536064, 'longitude': -80.17964}",2023-07-04T21:54:04+00:00,2091756
65130,West Indiana Township,US,"{'latitude': 40.542088, 'longitude': -79.93459}",2023-07-04T21:54:03+00:00,2555094
68803,Millville Elementary School,US,"{'latitude': 40.55191, 'longitude': -122.16919}",2023-07-04T21:54:02+00:00,2539420
1155734,"Ferndale, CA",US,"{'latitude': 40.575317, 'longitude': -124.26306}",2023-07-04T21:54:02+00:00,22320
67742,Rose Springs Elementary,US,"{'latitude': 40.626324, 'longitude': -112.29352}",2023-07-04T21:54:05+00:00,2523642
278319,Virginia Hills drive,US,"{'latitude': 40.62664, 'longitude': -111.814255}",2023-07-04T21:54:00+00:00,1211388
299142,Benmer,US,"{'latitude': 40.63271, 'longitude': -105.07242}",2023-07-04T21:54:04+00:00,1212324
299121,Trinity,US,"{'latitude': 40.64664, 'longitude': -80.29439}",2023-07-04T21:54:03+00:00,1237490
826397,PSR PA FLEX B2,US,"{'latitude': 40.657818, 'longitude': -80.30942}",2023-07-04T21:54:02+00:00,401368
223515,Nugget,US,"{'latitude': 40.67708, 'longitude': -112.03324}",2023-07-04T21:54:05+00:00,2100084
68234,CARB_SMOKE_SHASTAAQMD_OLDSTATIONFD,US,"{'latitude': 40.67708, 'longitude': -121.42751}",2023-07-04T21:54:04+00:00,2364918
370334,Lincoln Ln,US,"{'latitude': 40.677616, 'longitude': -111.83469}",2023-07-04T21:54:01+00:00,675954
353897,HanTwp-1,US,"{'latitude': 40.679047, 'longitude': -75.398026}",2023-07-04T21:54:01+00:00,897264
63213,"North Holladay, Utah USA",US,"{'latitude': 40.68566, 'longitude': -111.82788}",2023-07-04T21:54:05+00:00,2413500
70878,West Bench,US,"{'latitude': 40.689796, 'longitude': -112.08269}",2023-07-04T21:53:59+00:00,2464437
73190,Lake Blvd &amp; Shasta Dam Blvd,US,"{'latitude': 40.695404, 'longitude': -122.40252}",2023-07-04T21:53:59+00:00,2518363
371219,"Beaver, PA",US,"{'latitude': 40.69677, 'longitude': -80.30695}",2023-07-04T21:54:04+00:00,618996
73917,NJ7347,US,"{'latitude': 40.70923, 'longitude': -74.19507}",2023-07-04T21:54:01+00:00,698442
62450,Kensington Estates,US,"{'latitude': 40.7214, 'longitude': -96.645}",2023-07-04T21:54:01+00:00,316768
224513,DINO Lodore Ranger Station,US,"{'latitude': 40.727, 'longitude': -108.887}",2023-07-04T21:54:05+00:00,372630
236055,NC#139_Junction City_JCESD,US,"{'latitude': 40.73358, 'longitude': -123.05959}",2023-07-04T21:54:02+00:00,1330182
70731,Devonshire Dr.,US,"{'latitude': 40.739105, 'longitude': -111.80637}",2023-07-04T21:54:06+00:00,2379210
70933,Michigan Ave,US,"{'latitude': 40.74831, 'longitude': -111.84021}",2023-07-04T21:54:00+00:00,2274462
235992,Lehmbegovic,US,"{'latitude': 40.75687, 'longitude': -111.8557}",2023-07-04T21:54:01+00:00,1673960
231970,Home Outside,US,"{'latitude': 40.786934, 'longitude': -111.73896}",2023-07-04T21:54:04+00:00,1799340
500653,Bronx Center for Science and Mathematics - outdoor,US,"{'latitude': 40.833763, 'longitude': -73.902565}",2023-07-04T21:54:04+00:00,471171
412664,FA-CTKo,US,"{'latitude': 40.837517, 'longitude': -73.91544}",2023-07-04T21:54:05+00:00,586854
67928,Orchard Neighborhood,US,"{'latitude': 40.84746, 'longitude': -111.90103}",2023-07-04T21:54:05+00:00,2187758
826819,PET Darlington #2,US,"{'latitude': 40.84815, 'longitude': -80.51075}",2023-07-04T21:54:00+00:00,389142
235702,"435 Crestwood Drive, Arcata",US,"{'latitude': 40.85022, 'longitude': -124.04802}",2023-07-04T21:54:05+00:00,1517802
234730,Norki Zyits,US,"{'latitude': 40.87273, 'longitude': -121.6639}",2023-07-04T21:54:04+00:00,1284624
926004,FoB 10 Outside,US,"{'latitude': 40.872932, 'longitude': -76.58752}",2023-07-04T21:54:05+00:00,309752
235330,Millcreek Way_1,US,"{'latitude': 40.877953, 'longitude': -111.869354}",2023-07-04T21:54:03+00:00,1700184
69890,BLR Water Barn,US,"{'latitude': 40.883266, 'longitude': -124.00042}",2023-07-04T21:54:00+00:00,2317188
1071778,South Lake Drive,US,"{'latitude': 40.910984, 'longitude': -74.04196}",2023-07-04T21:54:05+00:00,155116
1084219,Millbrook Road,US,"{'latitude': 40.9383, 'longitude': -74.0408}",2023-07-04T21:54:03+00:00,146549
69376,Rock Pit Rd,US,"{'latitude': 40.969124, 'longitude': -124.030945}",2023-07-04T21:53:59+00:00,2473818
1068829,Near Bloomsburg University,US,"{'latitude': 41.012226, 'longitude': -76.448}",2023-07-04T21:54:04+00:00,182169
65246,Morgan City Visitor's Center powered by UTOPIA Fiber,US,"{'latitude': 41.043926, 'longitude': -111.67677}",2023-07-04T21:53:59+00:00,2534520
352491,West Side Fire Station,US,"{'latitude': 41.049175, 'longitude': -73.5512}",2023-07-04T21:53:59+00:00,751716
70398,Layton Chapel Park powered by UTOPIA Fiber,US,"{'latitude': 41.057144, 'longitude': -111.949234}",2023-07-04T21:54:06+00:00,2506290
66933,Trinidad ,US,"{'latitude': 41.059727, 'longitude': -124.12889}",2023-07-04T21:53:59+00:00,314809
72923,Layton Oak Hills Dr. &amp; Hwy 89 powered by UTOPIA Fiber,US,"{'latitude': 41.0665, 'longitude': -111.912445}",2023-07-04T21:54:00+00:00,2534856
74772,Layton 1100 W Hill Field Rd. powered by UTOPIA Fiber,US,"{'latitude': 41.07105, 'longitude': -111.987564}",2023-07-04T21:54:03+00:00,2449068
68327,Layton King Elementary powered by UTOPIA Fiber,US,"{'latitude': 41.074944, 'longitude': -111.95793}",2023-07-04T21:54:04+00:00,2475147
1066031,Ark - AQ - US Campus,US,"{'latitude': 41.07715, 'longitude': -73.536804}",2023-07-04T21:54:06+00:00,183744
68333,Layton Valley View Dr. powered by UTOPIA Fiber,US,"{'latitude': 41.07944, 'longitude': -111.90936}",2023-07-04T21:54:03+00:00,2537298
232127,Clearfield Bicentennial Park powered by UTOPIA Fiber,US,"{'latitude': 41.10572, 'longitude': -112.009476}",2023-07-04T21:54:00+00:00,1820820
230774,West Point Elementary School,US,"{'latitude': 41.11883, 'longitude': -112.0984}",2023-07-04T21:54:03+00:00,935352
71416,Arrowhead Lakes Poconos [LDEO - Westervelt],US,"{'latitude': 41.174, 'longitude': -75.567}",2023-07-04T21:54:04+00:00,2542140
352977,Tracy Hall,US,"{'latitude': 41.19397, 'longitude': -111.9427}",2023-07-04T21:53:59+00:00,937368
62641,Falcon Crest,US,"{'latitude': 41.226124, 'longitude': -111.7369}",2023-07-04T21:54:00+00:00,2551242
1163248,LOutdoor01,US,"{'latitude': 41.241207, 'longitude': -96.14816}",2023-07-04T21:54:01+00:00,9659
357143,Franklin Dup (C4F4),US,"{'latitude': 41.264847, 'longitude': -95.89583}",2023-07-04T21:54:06+00:00,616698
357138,Franklin Pri (1A2F),US,"{'latitude': 41.26523, 'longitude': -95.89584}",2023-07-04T21:54:06+00:00,619368
357761,Deti Stadium,US,"{'latitude': 41.30094, 'longitude': -105.55213}",2023-07-04T21:54:05+00:00,785907
65057,War Memorial Stadium,US,"{'latitude': 41.311264, 'longitude': -105.56829}",2023-07-04T21:54:02+00:00,2125092
389020,"Main St  Pella, Iowa",US,"{'latitude': 41.413364, 'longitude': -92.916374}",2023-07-04T21:54:02+00:00,573330
65287,Sturges,US,"{'latitude': 41.49536, 'longitude': -75.58485}",2023-07-04T21:54:06+00:00,2524626
62588,Sherman Weather,US,"{'latitude': 41.577602, 'longitude': -73.473915}",2023-07-04T21:54:00+00:00,2529870
68326,Ostergaards,US,"{'latitude': 41.57934, 'longitude': -111.84927}",2023-07-04T21:54:06+00:00,2552916
232201,CARB_SCAPCD_TENNANT,US,"{'latitude': 41.5838, 'longitude': -121.9133}",2023-07-04T21:54:03+00:00,2364009
73252,CARB_SMOKE_SCAPCD_BIG_SPRINGS_ELEMENTARY,US,"{'latitude': 41.624428, 'longitude': -122.40546}",2023-07-04T21:54:00+00:00,2553678
62478,"addie's breath, providence ut",US,"{'latitude': 41.713013, 'longitude': -111.80654}",2023-07-04T21:54:03+00:00,310068
63976,Tremonton 1000N 9000W powered by UTOPIA Fiber,US,"{'latitude': 41.725204, 'longitude': -112.23634}",2023-07-04T21:54:01+00:00,2538330
353144,804 lees river,US,"{'latitude': 41.73678, 'longitude': -71.18258}",2023-07-04T21:53:59+00:00,853746
924146,StoneLake1,US,"{'latitude': 41.74858, 'longitude': -85.658875}",2023-07-04T21:54:05+00:00,304657
1166477,Aurora-Oakhurst,US,"{'latitude': 41.763947, 'longitude': -88.258545}",2023-07-04T21:54:03+00:00,2301
352785,Coventry Lake,US,"{'latitude': 41.76942, 'longitude': -72.32026}",2023-07-04T21:54:01+00:00,886263
273759,Habitat for Humanity,US,"{'latitude': 41.788597, 'longitude': -72.669}",2023-07-04T21:54:00+00:00,514662
352809,Berteleda,US,"{'latitude': 41.789593, 'longitude': -124.06677}",2023-07-04T21:54:01+00:00,933960
363556,SAFE-HappyCamp-CommunityCenter1,US,"{'latitude': 41.791412, 'longitude': -123.380745}",2023-07-04T21:54:06+00:00,553458
233086,Klamath River Club,US,"{'latitude': 41.868732, 'longitude': -122.81636}",2023-07-04T21:54:04+00:00,1267266
71217,West Humboldt Park,US,"{'latitude': 41.902527, 'longitude': -87.73614}",2023-07-04T21:54:02+00:00,2504328
368544,NC#151_Smith River_Tolowa Dee-ni' Nation_Lucky7,US,"{'latitude': 41.951805, 'longitude': -124.201}",2023-07-04T21:54:05+00:00,146862
65804,Fish Haven Canyon Estates,US,"{'latitude': 42.045555, 'longitude': -111.42148}",2023-07-04T21:54:04+00:00,2459346
737249,TAKILMA,US,"{'latitude': 42.055035, 'longitude': -123.617035}",2023-07-04T21:54:02+00:00,369624
300224,Uxbridge BOH/Whitin Intermediate School,US,"{'latitude': 42.089066, 'longitude': -71.629555}",2023-07-04T21:54:01+00:00,1018443
65966,NHBP,US,"{'latitude': 42.1024, 'longitude': -85.26918}",2023-07-04T21:54:01+00:00,2464356
233841,Arcadia,US,"{'latitude': 42.13433, 'longitude': -122.61738}",2023-07-04T21:54:02+00:00,1715862
62605,"Port Dickinson, NY",US,"{'latitude': 42.139923, 'longitude': -75.89617}",2023-07-04T21:54:00+00:00,2465340
226018,Mellonia Farm,US,"{'latitude': 42.176594, 'longitude': -123.22752}",2023-07-04T21:54:04+00:00,1397898
65576,GSI Office 696 Siskiyou Blvd Ashland OR Elevation 1970 feet,US,"{'latitude': 42.19155, 'longitude': -122.70448}",2023-07-04T21:54:03+00:00,2559108
227555,Latigo Ranch,US,"{'latitude': 42.218735, 'longitude': -123.27396}",2023-07-04T21:54:03+00:00,850140
232750,Jackson County Fire District 5,US,"{'latitude': 42.251183, 'longitude': -122.7906}",2023-07-04T21:54:02+00:00,1756374
270988,Jack's Barn,US,"{'latitude': 42.26473, 'longitude': -83.723976}",2023-07-04T21:54:05+00:00,315054
354416,Rosemary Recreation Complex,US,"{'latitude': 42.287605, 'longitude': -71.23751}",2023-07-04T21:54:04+00:00,855793
222451,EC_Clark,US,"{'latitude': 42.31716, 'longitude': -83.094154}",2023-07-04T21:53:59+00:00,2331492
63220,Crestwood High School - Courtyard,US,"{'latitude': 42.321304, 'longitude': -83.29375}",2023-07-04T21:53:59+00:00,1571031
228878,DEPA22A,US,"{'latitude': 42.325195, 'longitude': -71.05605}",2023-07-04T21:54:03+00:00,1742136
73581,Coyote Den,US,"{'latitude': 42.33702, 'longitude': -71.85691}",2023-07-04T21:54:00+00:00,2528514
770482,HealthyAirNetwork_Hadley,US,"{'latitude': 42.342854, 'longitude': -72.59479}",2023-07-04T21:54:04+00:00,342497
69577,Newton Center,US,"{'latitude': 42.343204, 'longitude': -71.18523}",2023-07-04T21:54:03+00:00,2487426
921205,Nature at the Confluence,US,"{'latitude': 42.492805, 'longitude': -89.03877}",2023-07-04T21:54:03+00:00,308652
403254,Clean Air Coalition of Greater Ravena-Coeymans / Capital Region Air Justice Lab #5 (Selkirk) Info at: www.mediasanctuary.org,US,"{'latitude': 42.499035, 'longitude': -73.88156}",2023-07-04T21:54:04+00:00,539922
357445,Merrill Community Center,US,"{'latitude': 42.51567, 'longitude': -89.02437}",2023-07-04T21:54:02+00:00,441036
71741,Dubuque air quality sensor,US,"{'latitude': 42.523132, 'longitude': -90.65974}",2023-07-04T21:54:00+00:00,2343559
62515,Fraser MI,US,"{'latitude': 42.53817, 'longitude': -82.93374}",2023-07-04T21:54:01+00:00,247116
70426,Birmingham,US,"{'latitude': 42.5474, 'longitude': -83.222595}",2023-07-04T21:54:03+00:00,1243068
1151351,Pilgrim near Pine,US,"{'latitude': 42.54847, 'longitude': -83.23116}",2023-07-04T21:54:00+00:00,30612
315900,FRTA,US,"{'latitude': 42.573586, 'longitude': -72.59616}",2023-07-04T21:53:59+00:00,966714
227365,Martin Pond,US,"{'latitude': 42.593098, 'longitude': -71.12893}",2023-07-04T21:54:01+00:00,1878066
316062,Country club road,US,"{'latitude': 42.61712, 'longitude': -72.59629}",2023-07-04T21:53:59+00:00,570055
357610,Historic District,US,"{'latitude': 42.78746, 'longitude': -86.11655}",2023-07-04T21:54:03+00:00,805986
308033,Mountain Air Wind,US,"{'latitude': 43.025295, 'longitude': -115.46061}",2023-07-04T21:54:06+00:00,1084014
276267,W8AGT Rockford,US,"{'latitude': 43.08658, 'longitude': -85.56744}",2023-07-04T21:54:01+00:00,932634
63884,SASY 6,US,"{'latitude': 43.096737, 'longitude': -89.343155}",2023-07-04T21:54:05+00:00,1247340
65265,Beaver Wood Pond,US,"{'latitude': 43.107624, 'longitude': -72.31947}",2023-07-04T21:53:59+00:00,2150886
268245,"Bayside, WI",US,"{'latitude': 43.176613, 'longitude': -87.89051}",2023-07-04T21:53:59+00:00,1653030
228703,Marion South,CA,"{'latitude': 43.26133, 'longitude': -79.90356}",2023-07-04T21:54:03+00:00,1812306
224463,Burlington,CA,"{'latitude': 43.302345, 'longitude': -79.85815}",2023-07-04T21:54:06+00:00,2213316
227475,Luther College (Valders),US,"{'latitude': 43.31334, 'longitude': -91.80417}",2023-07-04T21:54:04+00:00,1973580
232221,Swan Valley,US,"{'latitude': 43.439404, 'longitude': -111.30184}",2023-07-04T21:54:04+00:00,837468
231379,Dorothy,US,"{'latitude': 43.5337, 'longitude': -111.960945}",2023-07-04T21:54:03+00:00,1072303
1084386,Exhibition Park,CA,"{'latitude': 43.54882, 'longitude': -80.262726}",2023-07-04T21:54:05+00:00,135576
1066089,Rock n' Roll Love Dinosaurs,CA,"{'latitude': 43.658653, 'longitude': -79.42563}",2023-07-04T21:54:04+00:00,201175
339692,MP14,CA,"{'latitude': 43.660366, 'longitude': -79.39796}",2023-07-04T21:53:59+00:00,967731
337957,MP5,CA,"{'latitude': 43.66052, 'longitude': -79.39819}",2023-07-04T21:53:59+00:00,979959
236283,MWJJ,CA,"{'latitude': 43.7146, 'longitude': -79.39801}",2023-07-04T21:54:05+00:00,1572210
66081,Plymouth I,US,"{'latitude': 43.746655, 'longitude': -87.98601}",2023-07-04T21:54:03+00:00,2449224
314251,LRAPA-Cottage Grove,US,"{'latitude': 43.79973, 'longitude': -123.0532}",2023-07-04T21:54:04+00:00,1098108
352420,AQSU-7497,CA,"{'latitude': 43.92146, 'longitude': -65.83394}",2023-07-04T21:54:04+00:00,957228
492952,Tibbetts Outdoor,US,"{'latitude': 43.951687, 'longitude': -70.962135}",2023-07-04T21:54:02+00:00,449814
232135,Maybloom North,US,"{'latitude': 43.970165, 'longitude': -123.055786}",2023-07-04T21:54:03+00:00,1764702
1092837,Ben Franklin - 10 (New),US,"{'latitude': 43.995094, 'longitude': -92.45001}",2023-07-04T21:54:04+00:00,115999
272903,Bicentennial Hall Roof - Middlebury College,US,"{'latitude': 44.013424, 'longitude': -73.18127}",2023-07-04T21:54:05+00:00,1350390
236455,The Village School,US,"{'latitude': 44.018612, 'longitude': -123.0912}",2023-07-04T21:54:01+00:00,861581
269189,Chambers,US,"{'latitude': 44.029156, 'longitude': -123.11783}",2023-07-04T21:54:02+00:00,1662799
67522,West Rapid City,US,"{'latitude': 44.03928, 'longitude': -103.294876}",2023-07-04T21:54:02+00:00,2542824
63677,Nearby Nature,US,"{'latitude': 44.053883, 'longitude': -123.07439}",2023-07-04T21:54:00+00:00,2033029
64988,Tristar Dr,US,"{'latitude': 44.10175, 'longitude': -121.285545}",2023-07-04T21:54:06+00:00,2543046
231177,N Eugene Air Monitor,US,"{'latitude': 44.107796, 'longitude': -123.1491}",2023-07-04T21:54:04+00:00,1827042
72865,Taylor,US,"{'latitude': 44.29801, 'longitude': -91.17275}",2023-07-04T21:54:00+00:00,2511108
268093,Pommel2,US,"{'latitude': 44.310143, 'longitude': -121.5892}",2023-07-04T21:54:03+00:00,1626702
63041,"Williston, VT",US,"{'latitude': 44.44406, 'longitude': -73.059296}",2023-07-04T21:53:59+00:00,2556577
352594,Charlotte Street,US,"{'latitude': 44.464527, 'longitude': -73.21176}",2023-07-04T21:54:01+00:00,957900
63423,House on Metolius,US,"{'latitude': 44.49042, 'longitude': -121.643}",2023-07-04T21:54:00+00:00,2533578
70431,Fernwood Hill,US,"{'latitude': 44.580116, 'longitude': -123.29417}",2023-07-04T21:54:05+00:00,2415450
229692,Corvallis Outside,US,"{'latitude': 44.590984, 'longitude': -123.28746}",2023-07-04T21:54:05+00:00,1520982
67047,"Hyde Park, VT",US,"{'latitude': 44.602146, 'longitude': -72.62728}",2023-07-04T21:54:01+00:00,2528455
729603,BT_SCV_OUTDR_6,US,"{'latitude': 44.677345, 'longitude': -123.21734}",2023-07-04T21:54:05+00:00,394812
339799,UWEC-2,US,"{'latitude': 44.799076, 'longitude': -91.50389}",2023-07-04T21:54:05+00:00,1010466
339707,UWEC-1,US,"{'latitude': 44.79908, 'longitude': -91.50087}",2023-07-04T21:54:04+00:00,938124
1092049,Ramblewood,US,"{'latitude': 44.81243, 'longitude': -85.73968}",2023-07-04T21:54:02+00:00,123408
363578,Mountain Budgie Bean,US,"{'latitude': 44.81537, 'longitude': -116.03464}",2023-07-04T21:54:04+00:00,737559
224572,Comstock Point,US,"{'latitude': 44.886723, 'longitude': -67.019684}",2023-07-04T21:54:03+00:00,2194236
65140,Lake Wissota,US,"{'latitude': 44.92594, 'longitude': -91.300835}",2023-07-04T21:54:01+00:00,1899804
575430,Willamette Sparks Center,US,"{'latitude': 44.934788, 'longitude': -123.02956}",2023-07-04T21:54:04+00:00,401556
370120,City of Minneapolis community Air Monitoring Project 30,US,"{'latitude': 44.95339, 'longitude': -93.31706}",2023-07-04T21:54:04+00:00,672042
1071861,OpenAeros,US,"{'latitude': 44.961143, 'longitude': -93.18576}",2023-07-04T21:54:04+00:00,114478
71130,MplsLoganAQI,US,"{'latitude': 45.003338, 'longitude': -93.25568}",2023-07-04T21:53:59+00:00,2501940
346656,City of Minneapolis Community Air Monitoring Project 6,US,"{'latitude': 45.00666, 'longitude': -93.26436}",2023-07-04T21:54:05+00:00,998670
230894,Northwood West Air Quality,US,"{'latitude': 45.03069, 'longitude': -93.39377}",2023-07-04T21:53:59+00:00,1839209
73226,McMinnville Yamhill River,US,"{'latitude': 45.204742, 'longitude': -123.177086}",2023-07-04T21:54:05+00:00,2025762
67248,Harvey Creek,US,"{'latitude': 45.28224, 'longitude': -123.01547}",2023-07-04T21:54:00+00:00,2121854
273354,EAS_PA_018,CA,"{'latitude': 45.288696, 'longitude': -75.8678}",2023-07-04T21:54:04+00:00,1341324
236192,Stitt Ct,US,"{'latitude': 45.32958, 'longitude': -122.567474}",2023-07-04T21:54:03+00:00,1601550
222756,Boulder Bluff,US,"{'latitude': 45.347378, 'longitude': -123.01625}",2023-07-04T21:54:05+00:00,1488024
222811,Copper Court,US,"{'latitude': 45.36162, 'longitude': -122.86322}",2023-07-04T21:54:01+00:00,2254476
312398,Meadow Gate,US,"{'latitude': 45.429234, 'longitude': -84.94222}",2023-07-04T21:53:59+00:00,1039476
69935,Stubbs 1,US,"{'latitude': 45.432037, 'longitude': -91.40537}",2023-07-04T21:53:59+00:00,2469738
71964,Upper Multnomah Village,US,"{'latitude': 45.474007, 'longitude': -122.70476}",2023-07-04T21:54:00+00:00,2111196
270939,Eastmoreland - Tolman,US,"{'latitude': 45.47722, 'longitude': -122.62417}",2023-07-04T21:54:05+00:00,1345074
345325,24th Ave &amp; Gladstone,US,"{'latitude': 45.492584, 'longitude': -122.6413}",2023-07-04T21:54:06+00:00,988344
231210,Hunter Road,US,"{'latitude': 45.49511, 'longitude': -118.0583}",2023-07-04T21:53:59+00:00,1821441
227443,NAPS-SNPA_Gatineau-1,CA,"{'latitude': 45.495842, 'longitude': -75.74545}",2023-07-04T21:54:03+00:00,1912182
67987,CasaRio,US,"{'latitude': 45.5001, 'longitude': -122.28308}",2023-07-04T21:54:05+00:00,2132592
354479,MULTCO B-430 MID COUNTY HEALTH,US,"{'latitude': 45.503807, 'longitude': -122.53228}",2023-07-04T21:54:02+00:00,764382
351958,AQSU-4949,CA,"{'latitude': 45.50778, 'longitude': -66.0992}",2023-07-04T21:54:05+00:00,925188
357263,Strip of Weeds,US,"{'latitude': 45.51146, 'longitude': -122.55559}",2023-07-04T21:54:03+00:00,822510
227944,Silverhorn,US,"{'latitude': 45.513184, 'longitude': -122.61304}",2023-07-04T21:54:00+00:00,2000886
827300,MULTCO B-286 DCJ NORTH,US,"{'latitude': 45.51348, 'longitude': -122.538055}",2023-07-04T21:54:04+00:00,374802
427928,MULTCO B-545 BHRC-BUSHONG BLDG,US,"{'latitude': 45.522007, 'longitude': -122.67967}",2023-07-04T21:54:00+00:00,530118
405513,Brogden St,US,"{'latitude': 45.524063, 'longitude': -122.95157}",2023-07-04T21:54:02+00:00,587919
63531,53rd Drive,US,"{'latitude': 45.5428, 'longitude': -122.7474}",2023-07-04T21:54:04+00:00,2447280
229739,Fiver,US,"{'latitude': 45.544655, 'longitude': -122.617256}",2023-07-04T21:54:06+00:00,1895346
64112,NE Regents Drive,US,"{'latitude': 45.55093, 'longitude': -122.63391}",2023-07-04T21:54:02+00:00,2446314
354103,Overlook @ The Perch,US,"{'latitude': 45.561657, 'longitude': -122.682594}",2023-07-04T21:54:01+00:00,907206
358541,NE 52nd Ave,US,"{'latitude': 45.567245, 'longitude': -122.608894}",2023-07-04T21:54:05+00:00,32265
275929,NCALittleBox2,US,"{'latitude': 45.57789, 'longitude': -122.674416}",2023-07-04T21:54:01+00:00,1265076
230637,Lounger Pounge,US,"{'latitude': 45.58915, 'longitude': -122.78135}",2023-07-04T21:54:05+00:00,1696182
64206,Lake Pointe,US,"{'latitude': 45.611774, 'longitude': -122.43504}",2023-07-04T21:54:02+00:00,2205267
586810,AQSU-7D6B,CA,"{'latitude': 45.61402, 'longitude': -61.364258}",2023-07-04T21:54:06+00:00,396054
72136,Bozeman—Southside,US,"{'latitude': 45.67529, 'longitude': -111.04311}",2023-07-04T21:54:00+00:00,2474604
228068,Klickitat County Health Department,US,"{'latitude': 45.729527, 'longitude': -121.48061}",2023-07-04T21:53:59+00:00,1532616
230147,Billings-Outside,US,"{'latitude': 45.78763, 'longitude': -108.53936}",2023-07-04T21:54:02+00:00,1759074
357869,LC,US,"{'latitude': 45.87106, 'longitude': -122.6749}",2023-07-04T21:54:01+00:00,795768
62040,AQSU-9B97,CA,"{'latitude': 45.983612, 'longitude': -66.65833}",2023-07-04T21:54:05+00:00,2420586
326038,AQSU-Petawawa-2,CA,"{'latitude': 45.99666, 'longitude': -77.44128}",2023-07-04T21:53:59+00:00,1038666
326040,AQSU-Petawawa-1,CA,"{'latitude': 45.99666, 'longitude': -77.441280}",2023-07-04T21:53:59+00:00,1037052
227849,Glenwood School,US,"{'latitude': 46.021442, 'longitude': -121.289406}",2023-07-04T21:54:02+00:00,1284582
222149,AQSU-36BE,CA,"{'latitude': 46.28852, 'longitude': -64.585335}",2023-07-04T21:54:05+00:00,2323260
276580,125 So 41St,US,"{'latitude': 46.60467, 'longitude': -120.44553}",2023-07-04T21:54:02+00:00,1267442
930183,Terrace Heights Elementary,US,"{'latitude': 46.60727, 'longitude': -120.44464}",2023-07-04T21:54:02+00:00,253821
231296,10th street,US,"{'latitude': 46.654808, 'longitude': -120.54264}",2023-07-04T21:54:04+00:00,1764084
229531,redrectangle,US,"{'latitude': 46.740704, 'longitude': -116.9823}",2023-07-04T21:54:06+00:00,1478556
72963,Duluth Heights,US,"{'latitude': 46.80754, 'longitude': -92.14265}",2023-07-04T21:54:02+00:00,2356945
229396,Danver Alpine,US,"{'latitude': 46.990746, 'longitude': -123.03274}",2023-07-04T21:54:05+00:00,682350
584230,SE_Seeley Elementary School,US,"{'latitude': 47.17563, 'longitude': -113.47616}",2023-07-04T21:54:05+00:00,399648
230768,Crescent Bar,US,"{'latitude': 47.212696, 'longitude': -119.99557}",2023-07-04T21:54:05+00:00,1281054
235096,North Algona,US,"{'latitude': 47.29118, 'longitude': -122.25504}",2023-07-04T21:53:59+00:00,1645515
354328,AQSU-8EE8,CA,"{'latitude': 47.42356, 'longitude': -66.92538}",2023-07-04T21:54:04+00:00,714702
273308,Bear Tree Farm,US,"{'latitude': 47.503227, 'longitude': -116.74248}",2023-07-04T21:53:59+00:00,1185979
71991,Issaquah Highlands,US,"{'latitude': 47.544365, 'longitude': -122.0162}",2023-07-04T21:54:02+00:00,2342838
542579,The Summit,US,"{'latitude': 47.55287, 'longitude': -122.13287}",2023-07-04T21:54:02+00:00,397962
364541,WT8P QTH,US,"{'latitude': 47.566635, 'longitude': -122.01551}",2023-07-04T21:54:04+00:00,723299
369978,Pine Lake Meadows,US,"{'latitude': 47.579605, 'longitude': -122.02033}",2023-07-04T21:54:02+00:00,703569
71182,BCAirmonitor-01,US,"{'latitude': 47.584904, 'longitude': -122.14913}",2023-07-04T21:54:03+00:00,2411298
73518,Sammamish,US,"{'latitude': 47.59226, 'longitude': -121.97502}",2023-07-04T21:53:59+00:00,2443608
367419,Samena Club,US,"{'latitude': 47.60215, 'longitude': -122.135605}",2023-07-04T21:54:04+00:00,637855
221880,17th Ave E and E Roy,US,"{'latitude': 47.624973, 'longitude': -122.30942}",2023-07-04T21:53:59+00:00,2139024
426701,2nd Floor Deck,US,"{'latitude': 47.63359, 'longitude': -122.278275}",2023-07-04T21:54:00+00:00,546375
69384,"Magnolia, WA",US,"{'latitude': 47.63767, 'longitude': -122.38723}",2023-07-04T21:54:00+00:00,2520714
69375,Montlake,US,"{'latitude': 47.640057, 'longitude': -122.3045}",2023-07-04T21:54:04+00:00,2517486
454040,Westside Park Redmond,US,"{'latitude': 47.658817, 'longitude': -122.12808}",2023-07-04T21:54:06+00:00,510013
366161,Evans Creek Apts Redmond,US,"{'latitude': 47.66265, 'longitude': -122.090935}",2023-07-04T21:54:03+00:00,716952
370579,Windermere Park,US,"{'latitude': 47.66627, 'longitude': -122.26905}",2023-07-04T21:54:00+00:00,674913
67020,Ballard,US,"{'latitude': 47.666977, 'longitude': -122.39336}",2023-07-04T21:54:02+00:00,306384
870704,outside,US,"{'latitude': 47.6676, 'longitude': -122.33961}",2023-07-04T21:54:00+00:00,376800
228358,Outside,US,"{'latitude': 47.67135, 'longitude': -122.32797}",2023-07-04T21:54:05+00:00,1925034
370207,ScratchingPost,US,"{'latitude': 47.675728, 'longitude': -122.124466}",2023-07-04T21:54:02+00:00,342216
1063110,Ranger Run,US,"{'latitude': 47.677647, 'longitude': -117.16864}",2023-07-04T21:54:04+00:00,218374
67961,View Ridge,US,"{'latitude': 47.679783, 'longitude': -122.271866}",2023-07-04T21:54:01+00:00,2324850
307996,Greenwood,US,"{'latitude': 47.691383, 'longitude': -122.36524}",2023-07-04T21:54:05+00:00,894816
277223,30th Ave NE &amp; NE 91st St,US,"{'latitude': 47.69448, 'longitude': -122.296234}",2023-07-04T21:54:04+00:00,1324794
234254,Forbes Creek,US,"{'latitude': 47.70082, 'longitude': -122.19287}",2023-07-04T21:54:04+00:00,1765134
228178,Juanita,US,"{'latitude': 47.704334, 'longitude': -122.209335}",2023-07-04T21:54:03+00:00,1927014
232509,Finley Point,US,"{'latitude': 47.766964, 'longitude': -114.074554}",2023-07-04T21:54:02+00:00,1816758
68595,Here,US,"{'latitude': 47.77606, 'longitude': -122.270325}",2023-07-04T21:54:04+00:00,1474944
1070974,SW01,US,"{'latitude': 47.79481, 'longitude': -122.03703}",2023-07-04T21:54:04+00:00,167856
231049,Eagles Nest Twnp,US,"{'latitude': 47.820827, 'longitude': -92.10382}",2023-07-04T21:53:59+00:00,1706880
363418,Home,US,"{'latitude': 47.859413, 'longitude': -122.30983}",2023-07-04T21:54:05+00:00,744984
409848,Cathcart Way Operations Center,US,"{'latitude': 47.865696, 'longitude': -122.11831}",2023-07-04T21:54:00+00:00,378792
366867,Sultan High School,US,"{'latitude': 47.873154, 'longitude': -121.812546}",2023-07-04T21:54:00+00:00,689628
73328,Marysville 7th,US,"{'latitude': 48.05431, 'longitude': -122.17154}",2023-07-04T21:54:00+00:00,2073246
72127,MPCA_Bearskin Lake,US,"{'latitude': 48.069454, 'longitude': -90.43034}",2023-07-04T21:54:06+00:00,2284422
1088984,Pip-Karlsruhe,US,"{'latitude': 48.088966, 'longitude': -100.62562}",2023-07-04T21:54:05+00:00,139048
355221,LowerValley,US,"{'latitude': 48.14688, 'longitude': -114.23383}",2023-07-04T21:54:05+00:00,888882
1070925,L'Anse Saint Jean,CA,"{'latitude': 48.232895, 'longitude': -70.20548}",2023-07-04T21:54:04+00:00,43908
229858,Kaniksu Shores,US,"{'latitude': 48.310772, 'longitude': -116.46407}",2023-07-04T21:54:00+00:00,1803684
669264,ML_Malta,US,"{'latitude': 48.317516, 'longitude': -107.86223}",2023-07-04T21:54:04+00:00,392946
62015,Cavanaugh,US,"{'latitude': 48.328327, 'longitude': -122.010864}",2023-07-04T21:54:04+00:00,2504400
229807,"NOCA/NPS-Stehekin, WA",US,"{'latitude': 48.34973, 'longitude': -120.71663}",2023-07-04T21:53:59+00:00,1008522
222367,MV Clean Air Ambassador @ Frost Road,US,"{'latitude': 48.37695, 'longitude': -120.18034}",2023-07-04T21:54:02+00:00,2180208
927282,Glenwood,US,"{'latitude': 48.426815, 'longitude': -114.34693}",2023-07-04T21:54:04+00:00,275412
234336,MV Clean Air Ambassador @ Winthrop Library,US,"{'latitude': 48.477856, 'longitude': -120.190186}",2023-07-04T21:54:05+00:00,523272
64151,Burlington Heights Dr,US,"{'latitude': 48.481636, 'longitude': -122.32217}",2023-07-04T21:54:03+00:00,2548434
354984,Two Medicine Ranger Station,US,"{'latitude': 48.486214, 'longitude': -113.367065}",2023-07-04T21:54:00+00:00,508776
231628,KenmAir,US,"{'latitude': 48.674168, 'longitude': -102.08372}",2023-07-04T21:54:06+00:00,1816374
224142,Fairhaven (South),US,"{'latitude': 48.71977, 'longitude': -122.50614}",2023-07-04T21:54:06+00:00,2144442
926792,NorthWest Therapeutic Riding Center,US,"{'latitude': 48.818943, 'longitude': -122.38879}",2023-07-04T21:54:00+00:00,290760
67999,StorybookMountainRanchMaloWA,US,"{'latitude': 48.8255, 'longitude': -118.6507}",2023-07-04T21:54:04+00:00,2529390
232450,DCB Jacks,US,"{'latitude': 48.84111, 'longitude': -100.440895}",2023-07-04T21:54:04+00:00,836529
63729,Corvette Dr.,US,"{'latitude': 48.851, 'longitude': -114.937}",2023-07-04T21:53:59+00:00,2365824
229127,Brown Mtn,US,"{'latitude': 48.866234, 'longitude': -119.177414}",2023-07-04T21:54:02+00:00,1925760
356466,AQSU-335E,CA,"{'latitude': 48.948524, 'longitude': -54.608463}",2023-07-04T21:54:05+00:00,841694
1079518,NWCAA - Nooksack Valley High School,US,"{'latitude': 48.965336, 'longitude': -122.3081}",2023-07-04T21:54:04+00:00,152672
70454,Sunningdale Smoke Eaters,CA,"{'latitude': 49.11333, 'longitude': -117.7152}",2023-07-04T21:54:06+00:00,2538600
406266,Kingsway &amp; Boundary,CA,"{'latitude': 49.232388, 'longitude': -123.026764}",2023-07-04T21:54:02+00:00,559968
1123253,Home1,CA,"{'latitude': 49.23804, 'longitude': -122.871574}",2023-07-04T21:54:06+00:00,79118
223874,Cyril’Place,CA,"{'latitude': 49.240967, 'longitude': -124.803215}",2023-07-04T21:54:02+00:00,2279844
70343,Port Alberni,CA,"{'latitude': 49.245754, 'longitude': -124.803505}",2023-07-04T21:54:06+00:00,2328108
224135,haahuupayak school,CA,"{'latitude': 49.264114, 'longitude': -124.850044}",2023-07-04T21:54:05+00:00,1759644
1085523,UBC Chancellor Blvd,CA,"{'latitude': 49.27204, 'longitude': -123.251686}",2023-07-04T21:54:01+00:00,144950
65885,Bush Road,CA,"{'latitude': 49.275635, 'longitude': -124.81579}",2023-07-04T21:54:02+00:00,2458296
224132,7563 Pacific Rim Highway,CA,"{'latitude': 49.277214, 'longitude': -124.88413}",2023-07-04T21:54:01+00:00,2025708
232059,Banbury Green,CA,"{'latitude': 49.413612, 'longitude': -119.60074}",2023-07-04T21:54:04+00:00,800658
775877,"Lehigh Mine - Sechelt, BC 5586 Sinku Dr.",CA,"{'latitude': 49.471256, 'longitude': -123.75143}",2023-07-04T21:54:02+00:00,228216
273965,AQSU-2DB6,CA,"{'latitude': 49.66113, 'longitude': -110.2928}",2023-07-04T21:54:02+00:00,703801
500724,Hospital Hill,CA,"{'latitude': 49.703087, 'longitude': -123.139694}",2023-07-04T21:54:01+00:00,145620
217247,AQSU-C7ED,CA,"{'latitude': 49.77379, 'longitude': -119.73628}",2023-07-04T21:54:04+00:00,2269656
222805,Uplands2,CA,"{'latitude': 49.796337, 'longitude': -119.52191}",2023-07-04T21:53:59+00:00,313974
480669,AQSU-VCH SD47 Henderson Outdoor 2,CA,"{'latitude': 49.865643, 'longitude': -124.54378}",2023-07-04T21:54:05+00:00,450114
232026,Black Mountain,CA,"{'latitude': 49.88504, 'longitude': -119.3497}",2023-07-04T21:54:01+00:00,1711296
218376,AQSU-008E_NWFR 101,CA,"{'latitude': 50.1915, 'longitude': -119.505226}",2023-07-04T21:54:02+00:00,695616
232954,Lower Hartnell,CA,"{'latitude': 50.28057, 'longitude': -119.21143}",2023-07-04T21:54:03+00:00,1798752
345860,Mistissini Fire Hall,CA,"{'latitude': 50.42069, 'longitude': -73.87368}",2023-07-04T21:54:01+00:00,966972
229417,Pacific Way/Dufferin,CA,"{'latitude': 50.661716, 'longitude': -120.38264}",2023-07-04T21:54:04+00:00,1919400
338881,PAS_Bassano,CA,"{'latitude': 50.78681, 'longitude': -112.4638}",2023-07-04T21:54:01+00:00,995533
351810,band office,CA,"{'latitude': 51.48579, 'longitude': -78.75276}",2023-07-04T21:53:59+00:00,704466
342708,St. Joseph High School,CA,"{'latitude': 52.14044, 'longitude': -106.574646}",2023-07-04T21:54:05+00:00,382656
226818,Red Deer Clearview Ridge,CA,"{'latitude': 52.281784, 'longitude': -113.776566}",2023-07-04T21:54:05+00:00,1793874
65427,FNHA-C916,CA,"{'latitude': 52.64869, 'longitude': -122.50504}",2023-07-04T21:54:04+00:00,1929702
353732,Torg-0001,CA,"{'latitude': 52.82642, 'longitude': -119.26854}",2023-07-04T21:54:03+00:00,905034
74539,ACA_Hansen Estates,CA,"{'latitude': 53.41918, 'longitude': -113.22016}",2023-07-04T21:54:00+00:00,2425344
71912,WCA_Hinton,CA,"{'latitude': 53.426987, 'longitude': -117.54366}",2023-07-04T21:54:04+00:00,312414
587428,ACA_BelgraviaCL,CA,"{'latitude': 53.50989, 'longitude': -113.53188}",2023-07-04T21:54:01+00:00,375104
500721,TOWN OFFICE,CA,"{'latitude': 53.52915, 'longitude': -114.00546}",2023-07-04T21:54:00+00:00,440898
269360,WCAS_Entwistle3,CA,"{'latitude': 53.598698, 'longitude': -114.97123}",2023-07-04T21:54:03+00:00,1627872
69866,AQSU-D6C0,CA,"{'latitude': 53.877823, 'longitude': -122.655396}",2023-07-04T21:54:05+00:00,1658622
69733,AQSU-D277,CA,"{'latitude': 53.911438, 'longitude': -122.87895}",2023-07-04T21:54:02+00:00,2518326
69721,AQSU-D333,CA,"{'latitude': 53.97476, 'longitude': -122.790115}",2023-07-04T21:54:05+00:00,2539776
69722,AQSU-9233,CA,"{'latitude': 53.995934, 'longitude': -122.79671}",2023-07-04T21:54:02+00:00,1536588
323154,ENV PA Douglas,CA,"{'latitude': 54.02001, 'longitude': -124.01476}",2023-07-04T21:54:06+00:00,957816
218482,KTAS-001,CA,"{'latitude': 54.058475, 'longitude': -128.68921}",2023-07-04T21:54:02+00:00,1874127
370391,ENV PA Water Treatment,CA,"{'latitude': 54.403534, 'longitude': -126.64509}",2023-07-04T21:54:01+00:00,651594
928611,FNHA_Blueberry_42D5,CA,"{'latitude': 56.704254, 'longitude': -121.111855}",2023-07-04T21:54:03+00:00,260388
1138537,AQSU-89F3 (Burwash Landing),CA,"{'latitude': 61.356537, 'longitude': -138.99004}",2023-07-04T21:54:06+00:00,47652
268887,Tetlin NWR Northway Bunkhouse,US,"{'latitude': 63.009537, 'longitude': -141.80096}",2023-07-04T21:53:59+00:00,1169508
357117,AQSU-5441,CA,"{'latitude': 64.190544, 'longitude': -114.18244}",2023-07-04T21:54:03+00:00,59316
354038,Clear Space Force Station,US,"{'latitude': 64.2923, 'longitude': -149.16444}",2023-07-04T21:54:00+00:00,916626
63994,Allen Adale Rd,US,"{'latitude': 64.83289, 'longitude': -147.9022}",2023-07-04T21:53:59+00:00,2493372
64678,ADEC #1,US,"{'latitude': 64.8457, 'longitude': -147.727}",2023-07-04T21:54:02+00:00,1643772
68946,Line Dr.,US,"{'latitude': 64.88145, 'longitude': -147.91472}",2023-07-04T21:54:05+00:00,2385066
65533,Miner's Court Observatory,US,"{'latitude': 64.894035, 'longitude': -147.68353}",2023-07-04T21:54:01+00:00,2558304
827068,PEARL - Ridge Lab,CA,"{'latitude': 80.05333, 'longitude': -86.41634}",2023-07-04T21:54:06+00:00,362396
