country,coordinates,location
US,"{'latitude': 36.60538, 'longitude': -118.062775}",CARB_S_GBUAPCD_LonePineDowntown
US,"{'latitude': 38.240902, 'longitude': -120.3744}",Lake Mont Pines
US,"{'latitude': 34.284264, 'longitude': -118.742}",Ralph's House
CA,"{'latitude': 45.288696, 'longitude': -75.8678}",EAS_PA_018
US,"{'latitude': 33.071095, 'longitude': -117.29702}",Schmoopfront
US,"{'latitude': 47.544365, 'longitude': -122.0162}",Issaquah Highlands
CA,"{'latitude': 52.64869, 'longitude': -122.50504}",FNHA-C916
US,"{'latitude': 37.841644, 'longitude': -122.20214}",Thornhaus
US,"{'latitude': 39.08122, 'longitude': -84.52894}",Devou Park
US,"{'latitude': 37.405697, 'longitude': -122.131256}",Donald Drive
MX,"{'latitude': 25.63774, 'longitude': -100.371}",J SILLER Cerro Prieto
US,"{'latitude': 41.337696, 'longitude': -73.9178}",Arden Drive
US,"{'latitude': 38.941086, 'longitude': -77.033485}",Klein Yard
US,"{'latitude': 44.053883, 'longitude': -123.07439}",Nearby Nature
US,"{'latitude': 37.396725, 'longitude': -122.08411}",Courtyards
US,"{'latitude': 38.85688, 'longitude': -77.21795}","7940 Freehollow Dr, FC, VA"
US,"{'latitude': 29.691015, 'longitude': -95.13602}",C.and.Mi's
US,"{'latitude': 38.540447, 'longitude': -121.743515}",Aggie Village
US,"{'latitude': 39.815586, 'longitude': -120.475525}",West St
US,"{'latitude': 39.14595, 'longitude': -94.7854}",SA3
US,"{'latitude': 37.54497, 'longitude': -122.036}",Dalewood Squared
US,"{'latitude': 34.042713, 'longitude': -118.47522}",CAZIER-SM-016
US,"{'latitude': 42.492805, 'longitude': -89.03877}",Nature at the Confluence
US,"{'latitude': 42.19155, 'longitude': -122.70448}",GSI Office 696 Siskiyou Blvd Ashland OR Elevation 1970 feet
US,"{'latitude': 41.76942, 'longitude': -72.32026}",Coventry Lake
US,"{'latitude': 40.679047, 'longitude': -75.398026}",HanTwp-1
US,"{'latitude': 33.198776, 'longitude': -116.96868}",AQI SPY 6
CA,"{'latitude': 45.99666, 'longitude': -77.44128}",AQSU-Petawawa-2
US,"{'latitude': 39.528507, 'longitude': -119.80917}",Greater Nevada Field
US,"{'latitude': 34.021492, 'longitude': -118.34324}",CCA Hillcrest and Obama
US,"{'latitude': 38.752674, 'longitude': -122.02434}",Durst Organic Growers Farm
CA,"{'latitude': 56.704254, 'longitude': -121.111855}",FNHA_Blueberry_42D5
US,"{'latitude': 38.65948, 'longitude': -122.91531}",Frei Winery Lab
US,"{'latitude': 48.856144, 'longitude': -122.49092}",NWCAA - Meridian High School
US,"{'latitude': 37.366795, 'longitude': -121.83837}",Alum Rock (Pala Ave)
US,"{'latitude': 38.725582, 'longitude': -120.8039}",Chamberlain Street
US,"{'latitude': 34.19246, 'longitude': -118.16317}",Casitas &amp; Ventura
US,"{'latitude': 39.716995, 'longitude': -120.55627}",Whitehawk
US,"{'latitude': 37.652924, 'longitude': -122.483055}","pacifica, edgemar"
US,"{'latitude': 40.418488, 'longitude': -111.8902}",Cranberry Farms
US,"{'latitude': 38.09722, 'longitude': -120.8094}","Valley Springs, CA"
US,"{'latitude': 47.640057, 'longitude': -122.3045}",Montlake
US,"{'latitude': 34.108917, 'longitude': -118.26571}",CCA Auburn and Avenel
US,"{'latitude': 39.778137, 'longitude': -105.11771}",Fruitdale
US,"{'latitude': 43.29365, 'longitude': -72.485504}",High School - Outside
US,"{'latitude': 38.84163, 'longitude': -121.24881}","Lincoln, CA Ridgecrest Ct"
US,"{'latitude': 41.049175, 'longitude': -73.5512}",West Side Fire Station
US,"{'latitude': 38.62259, 'longitude': -90.31441}",MRH Elementary
US,"{'latitude': 37.82214, 'longitude': -122.2275}",Central Piedmont. Caperton Ave
US,"{'latitude': 40.36904, 'longitude': -79.86634}",rith
US,"{'latitude': 41.46205, 'longitude': -122.899185}",carb_smoke_scapcd_etna  hs3
US,"{'latitude': 37.54766, 'longitude': -122.23628}",RWS Seabrook Court bayline
US,"{'latitude': 37.792183, 'longitude': -121.9088}",Vista Tassajara
US,"{'latitude': 38.07087, 'longitude': -122.21457}","Harbour Towne, Glen Cove"
US,"{'latitude': 38.469227, 'longitude': -122.64945}",Marit-out Gene
US,"{'latitude': 48.37695, 'longitude': -120.18034}",MV Clean Air Ambassador @ Frost Road
US,"{'latitude': 37.560143, 'longitude': -122.34217}",525 El Cerrito
US,"{'latitude': 40.689323, 'longitude': -124.253265}",NC#128_Loleta_Wiyot Tribe
US,"{'latitude': 37.891804, 'longitude': -122.03113}",Terra Bella
US,"{'latitude': 40.43943, 'longitude': -79.7487}",PPT A06
US,"{'latitude': 38.47633, 'longitude': -121.484634}",John Still Middle School
US,"{'latitude': 44.029156, 'longitude': -123.11783}",Chambers
US,"{'latitude': 39.81304, 'longitude': -120.46906}","Ponderosa Ave, Portola Ca"
US,"{'latitude': 47.60486, 'longitude': -117.230415}",Painted Hills
US,"{'latitude': 34.06528, 'longitude': -118.436424}",Westwood - Glenmont
US,"{'latitude': 48.965336, 'longitude': -122.3081}",NWCAA - Nooksack Valley High School
US,"{'latitude': 45.429234, 'longitude': -84.94222}",Meadow Gate
US,"{'latitude': 40.786934, 'longitude': -111.73896}",Home Outside
US,"{'latitude': 39.258934, 'longitude': -119.967026}",TERC Upper
US,"{'latitude': 33.907906, 'longitude': -118.372604}",CCA 137th and Hindry 1
US,"{'latitude': 37.45922, 'longitude': -122.438095}",Granelli Ave.
US,"{'latitude': 41.73678, 'longitude': -71.18258}",804 lees river
CA,"{'latitude': 50.42069, 'longitude': -73.87368}",Mistissini Fire Hall
CA,"{'latitude': 53.911438, 'longitude': -122.87895}",AQSU-D277
US,"{'latitude': 38.428413, 'longitude': -120.094345}",Skyhigh
US,"{'latitude': 35.3922, 'longitude': -78.81451}",Cleanairenc/lillington
US,"{'latitude': 38.06762, 'longitude': -122.565475}",Country Club
US,"{'latitude': 37.364513, 'longitude': -122.15294}",Shreve
US,"{'latitude': 48.851, 'longitude': -114.937}",Corvette Dr.
US,"{'latitude': 37.91526, 'longitude': -122.18029}","588 Dalewood Dr, Orinda, CA Outside"
US,"{'latitude': 38.246586, 'longitude': -122.70894}",Lundberg Ave
US,"{'latitude': 37.401638, 'longitude': -122.19773}",West_Floresta_Way
US,"{'latitude': 39.96287, 'longitude': -75.15711}",Green and 12th Philly
US,"{'latitude': 45.78763, 'longitude': -108.53936}",Billings-Outside
US,"{'latitude': 37.08128, 'longitude': -122.07145}",Quail Hollow Bowl
US,"{'latitude': 38.445232, 'longitude': -122.385284}",Oakville Crossroad
CA,"{'latitude': 49.275635, 'longitude': -124.81579}",Bush Road
US,"{'latitude': 37.80683, 'longitude': -122.220436}","Per Pull Rane , Per Err Pull Ray Ain"
CA,"{'latitude': 50.661716, 'longitude': -120.38264}",Pacific Way/Dufferin
US,"{'latitude': 37.97573, 'longitude': -122.54928}","Greenfield Ave, San Rafael, CA"
US,"{'latitude': 34.03872, 'longitude': -118.41668}",Butterfield
US,"{'latitude': 38.631634, 'longitude': -121.25432}",Gold Country Blvd.
US,"{'latitude': 44.44406, 'longitude': -73.059296}","Williston, VT"
US,"{'latitude': 48.481636, 'longitude': -122.32217}",Burlington Heights Dr
US,"{'latitude': 45.503807, 'longitude': -122.53228}",MULTCO B-430 MID COUNTY HEALTH
US,"{'latitude': 37.815407, 'longitude': -121.96637}",Messian Place - Outdoor
US,"{'latitude': 29.81888, 'longitude': -95.69566}","3623 Shadow Trail, Houston, Texas 77084"
CA,"{'latitude': 43.26133, 'longitude': -79.90356}",Marion South
US,"{'latitude': 37.87886, 'longitude': -122.17221}",Tarabrook Drive
US,"{'latitude': 64.894035, 'longitude': -147.68353}",Miner's Court Observatory
US,"{'latitude': 41.241207, 'longitude': -96.14816}",LOutdoor01
US,"{'latitude': 40.883266, 'longitude': -124.00042}",BLR Water Barn
CA,"{'latitude': 53.41918, 'longitude': -113.22016}",ACA_Hansen Estates
US,"{'latitude': 33.47151, 'longitude': -112.07301}",Phoenix Towers
US,"{'latitude': 46.80754, 'longitude': -92.14265}",Duluth Heights
US,"{'latitude': 47.675728, 'longitude': -122.124466}",ScratchingPost
US,"{'latitude': 40.333355, 'longitude': -111.751335}",Lindon 200 S Pioneer Ln powered by UTOPIA Fiber
US,"{'latitude': 37.592266, 'longitude': -121.63139}",8.5 mi Mines
US,"{'latitude': 38.584755, 'longitude': -121.453415}",Forney Way
US,"{'latitude': 41.788597, 'longitude': -72.669}",Habitat for Humanity
US,"{'latitude': 39.339935, 'longitude': -104.96673}",The Light of Dog Farm
US,"{'latitude': 37.82392, 'longitude': -122.23836}",San Carlos and Oakland
US,"{'latitude': 38.868004, 'longitude': -121.08737}",Vintage Oaks Sunvalley
US,"{'latitude': 38.85103, 'longitude': -119.646965}",Pineview Resident
US,"{'latitude': 39.321766, 'longitude': -120.22864}",WinterCampWay
US,"{'latitude': 38.590027, 'longitude': -90.34099}",Nerinx Hall
US,"{'latitude': 38.030663, 'longitude': -122.57525}",Mt Shasta Dr.
US,"{'latitude': 41.684464, 'longitude': -70.01482}",Chatham
US,"{'latitude': 64.88145, 'longitude': -147.91472}",Line Dr.
US,"{'latitude': 38.564297, 'longitude': -121.462265}",Santa Ynez sensor
US,"{'latitude': 39.146, 'longitude': -119.7668}",NDEP-1
US,"{'latitude': 39.193592, 'longitude': -76.778725}",St. Stephen’s AME
US,"{'latitude': 37.088825, 'longitude': -121.648895}",Mosewatson
US,"{'latitude': 40.33453, 'longitude': -80.21429}",Cecil 1
US,"{'latitude': 48.795902, 'longitude': -122.49245}",Whatcom Community College
US,"{'latitude': 39.95142, 'longitude': -105.16742}",Rogers Farm
CA,"{'latitude': 53.30277, 'longitude': -120.16359}",McBride Library
US,"{'latitude': 35.177395, 'longitude': -118.63527}",Bear Valley Spring
US,"{'latitude': 37.45614, 'longitude': -122.179726}",TrinitySchool-ECP-Outside
US,"{'latitude': 39.10109, 'longitude': -108.66651}",CCA North Terrace
US,"{'latitude': 41.713013, 'longitude': -111.80654}","addie's breath, providence ut"
US,"{'latitude': 42.78746, 'longitude': -86.11655}",Historic District
US,"{'latitude': 39.119774, 'longitude': -123.20554}",Ukiah
US,"{'latitude': 37.37064, 'longitude': -122.07236}",HeyWay
US,"{'latitude': 37.913754, 'longitude': -122.28203}",GLMS Kensington
US,"{'latitude': 35.871845, 'longitude': -82.34692}",Clean Air Carolina - Slickrock Mountain
US,"{'latitude': 37.828903, 'longitude': -122.2721}",Apgar Longfellow Outdoor
US,"{'latitude': 39.944534, 'longitude': -105.153145}",Snyder Way
CA,"{'latitude': 53.518604, 'longitude': -113.52866}",Chemistry building_RZ_01
US,"{'latitude': 47.60215, 'longitude': -122.135605}",Samena Club
US,"{'latitude': 37.422714, 'longitude': -122.15591}",CCSC
MX,"{'latitude': 25.67816, 'longitude': -100.39298}",Colinas del Valle
US,"{'latitude': 40.833763, 'longitude': -73.902565}",Bronx Center for Science and Mathematics - outdoor
US,"{'latitude': 43.585575, 'longitude': -119.05367}",PARR LUMBER BURNS
US,"{'latitude': 29.764566, 'longitude': -95.00271}",AAH Ashwood
US,"{'latitude': 47.69577, 'longitude': -122.13118}",Education Hill
US,"{'latitude': 38.240746, 'longitude': -76.49456}",Virtual Academy Back Right Sensor
US,"{'latitude': 37.883797, 'longitude': -122.18356}",Orinda Academy
US,"{'latitude': 38.956844, 'longitude': -119.94262}","6224 Feet, South Lake Tahoe"
US,"{'latitude': 38.54464, 'longitude': -121.500465}",Doc Oliver Field
US,"{'latitude': 41.624428, 'longitude': -122.40546}",CARB_SMOKE_SCAPCD_BIG_SPRINGS_ELEMENTARY
US,"{'latitude': 37.798256, 'longitude': -122.19718}",Wisconsin-Norton
US,"{'latitude': 39.948753, 'longitude': -105.15918}",Village Green Way
US,"{'latitude': 38.12802, 'longitude': -108.291145}",APCD Norwood
US,"{'latitude': 34.107765, 'longitude': -118.2163}",Sea View Avenue
CA,"{'latitude': 49.27204, 'longitude': -123.251686}",UBC Chancellor Blvd
US,"{'latitude': 45.49511, 'longitude': -118.0583}",Hunter Road
US,"{'latitude': 40.67708, 'longitude': -121.42751}",CARB_SMOKE_SHASTAAQMD_OLDSTATIONFD
US,"{'latitude': 39.832783, 'longitude': -120.425674}",Lower Grizzly Road
US,"{'latitude': 36.969025, 'longitude': -122.01181}",Cushnir
US,"{'latitude': 39.753723, 'longitude': -121.81655}",Verbena Fields
US,"{'latitude': 45.611774, 'longitude': -122.43504}",Lake Pointe
US,"{'latitude': 38.55301, 'longitude': -122.72192}",8566 outside
US,"{'latitude': 37.92259, 'longitude': -122.014084}","Deerpark Ct, Outside"
US,"{'latitude': 39.110634, 'longitude': -122.89285}",robin hill
US,"{'latitude': 37.90535, 'longitude': -122.49533}",Buckwheat 2
CA,"{'latitude': 62.449337, 'longitude': -114.3614}",AQSU-0279
US,"{'latitude': 37.8883, 'longitude': -122.13018}",Mosswood Drive (west of Village Center)
US,"{'latitude': 38.717724, 'longitude': -123.36733}",Horicon Elementary School
US,"{'latitude': 37.635647, 'longitude': -121.89352}",H1 Castlewood
US,"{'latitude': 36.63435, 'longitude': -120.38337}",Tranquility RAMP PA
US,"{'latitude': 38.683002, 'longitude': -122.83427}",5110 Hwy 128
US,"{'latitude': 37.88897, 'longitude': -122.180504}",Orindawoods
US,"{'latitude': 37.352345, 'longitude': -122.08342}",Fremont Ave / Oakhurst Ave
US,"{'latitude': 61.188515, 'longitude': -149.80844}",APU CCH Outdoor
CA,"{'latitude': 46.4468, 'longitude': -67.61574}",AQSU-F7F1
US,"{'latitude': 37.701153, 'longitude': -122.10203}",Rolando - Outside
US,"{'latitude': 39.830994, 'longitude': -123.61293}",Cummings
US,"{'latitude': 37.778927, 'longitude': -122.13869}",Skyline/Hansom
US,"{'latitude': 40.04077, 'longitude': -105.271286}",Kalmia 
CA,"{'latitude': 50.1915, 'longitude': -119.505226}",AQSU-008E_NWFR 101
US,"{'latitude': 33.690624, 'longitude': -86.460724}",Taylor Farm
US,"{'latitude': 38.26004, 'longitude': -122.67027}",tuftfarm
US,"{'latitude': 40.73358, 'longitude': -123.05959}",NC#139_Junction City_JCESD
US,"{'latitude': 37.89212, 'longitude': -122.20408}",Orinda
US,"{'latitude': 42.218735, 'longitude': -123.27396}",Latigo Ranch
US,"{'latitude': 38.448433, 'longitude': -122.67508}",eadhar ur
US,"{'latitude': 37.811623, 'longitude': -122.21332}",Leimert Bridge SE
US,"{'latitude': 47.503, 'longitude': -122.26}",Rainier View
US,"{'latitude': 37.53716, 'longitude': -77.54397}",Stratford &amp; Ammonett
US,"{'latitude': 41.902527, 'longitude': -87.73614}",West Humboldt Park
US,"{'latitude': 47.624973, 'longitude': -122.30942}",17th Ave E and E Roy
US,"{'latitude': 38.00851, 'longitude': -122.55889}",Chelan
US,"{'latitude': 39.54137, 'longitude': -105.110695}",Trailmark
US,"{'latitude': 37.33263, 'longitude': -122.20542}",Rocky Creek Road
US,"{'latitude': 47.59226, 'longitude': -121.97502}",Sammamish
US,"{'latitude': 34.24371, 'longitude': -118.879715}",Santa Rosa Technology Magnet School
US,"{'latitude': 37.899162, 'longitude': -122.26637}",Hilldale1
US,"{'latitude': 40.727203, 'longitude': -111.87596}",Hollywood Ave
US,"{'latitude': 37.25746, 'longitude': -121.96904}",La Rinconada
US,"{'latitude': 37.720356, 'longitude': -122.08364}",EWING ROAD - OUTSIDE
US,"{'latitude': 40.47583, 'longitude': -111.886955}",Oz 7bd4
US,"{'latitude': 47.66627, 'longitude': -122.26905}",Windermere Park
US,"{'latitude': 41.577602, 'longitude': -73.473915}",Sherman Weather
US,"{'latitude': 44.03928, 'longitude': -103.294876}",West Rapid City
US,"{'latitude': 39.141224, 'longitude': -120.1531}",Tahoe Park Beach
US,"{'latitude': 37.383705, 'longitude': -122.06209}",Hedgerow
US,"{'latitude': 37.781067, 'longitude': -122.18255}",Mills College
US,"{'latitude': 41.789593, 'longitude': -124.06677}",Berteleda
US,"{'latitude': 44.107796, 'longitude': -123.1491}",N Eugene Air Monitor
US,"{'latitude': 64.2923, 'longitude': -149.16444}",Clear Space Force Station
US,"{'latitude': 39.81128, 'longitude': -104.91395}",Cultivando - Boulder AIR 6
US,"{'latitude': 47.865696, 'longitude': -122.11831}",Cathcart Way Operations Center
US,"{'latitude': 36.593925, 'longitude': -105.447334}",Village of Taos Ski Valley
US,"{'latitude': 47.77606, 'longitude': -122.270325}",Here
US,"{'latitude': 40.867302, 'longitude': -73.60919}",Glen Cove
US,"{'latitude': 37.38775, 'longitude': -122.14273}",Pinewood Upper Campus
US,"{'latitude': 33.04325, 'longitude': -117.13577}",Casa Cielo
US,"{'latitude': 38.544415, 'longitude': -123.094444}",Mohrhardt Ranch
US,"{'latitude': 43.584602, 'longitude': -116.1536}",Starlington
US,"{'latitude': 37.864975, 'longitude': -122.293434}","Ninth St, Berkeley"
US,"{'latitude': 34.021534, 'longitude': -117.90991}",AQMD_NASA_2
US,"{'latitude': 36.77316, 'longitude': -121.66286}",CCA Cross and Cunha
US,"{'latitude': 37.796654, 'longitude': -122.44107}","Cow Hollow, San Francisco"
US,"{'latitude': 32.48389, 'longitude': -97.00183}",Kimmel Park
US,"{'latitude': 34.969944, 'longitude': -120.566895}",SBCAPCD_38
US,"{'latitude': 38.88447, 'longitude': -121.16293}","Ridge Rd,  midway point"
US,"{'latitude': 38.47999, 'longitude': -120.63565}",MFV Winery
US,"{'latitude': 37.574825, 'longitude': -122.39338}",Alturas Drive
US,"{'latitude': 37.736603, 'longitude': -122.45108}",Molimo Manor
US,"{'latitude': 37.734234, 'longitude': -122.43602}",Aeolus
US,"{'latitude': 37.20969, 'longitude': -121.84097}",Almaden Cabana Club
US,"{'latitude': 40.016354, 'longitude': -75.13396}",Nueva Esperanza Inc.
US,"{'latitude': 37.70511, 'longitude': -122.10522}",Castro Valley 2
US,"{'latitude': 47.330536, 'longitude': -118.68795}",Odessa School District
US,"{'latitude': 37.80239, 'longitude': -122.227036}",Glenview Oakland
US,"{'latitude': 39.210724, 'longitude': -120.09041}",Jeffery
US,"{'latitude': 35.772312, 'longitude': -119.8704}",WPA KINGS PLANT
US,"{'latitude': 37.33104, 'longitude': -121.94193}",Cory/Valley Fair Neighborhood
US,"{'latitude': 47.760647, 'longitude': -122.217766}",Bothell Westhill
US,"{'latitude': 42.523132, 'longitude': -90.65974}",Dubuque air quality sensor
CA,"{'latitude': 54.403534, 'longitude': -126.64509}",ENV PA Water Treatment
US,"{'latitude': 34.09818, 'longitude': -118.28198}",CCA Bates and Sunset
US,"{'latitude': 32.8305, 'longitude': -79.9574}",CCRAB Peace St
US,"{'latitude': 34.410046, 'longitude': -116.90695}",MDAQMD-LUC1
US,"{'latitude': 45.522007, 'longitude': -122.67967}",MULTCO B-545 BHRC-BUSHONG BLDG
US,"{'latitude': 38.56804, 'longitude': -119.508385}",GBUAPCD_colevilleHS
US,"{'latitude': 33.835808, 'longitude': -118.17562}",CCA Maury and Tehachapi 2
US,"{'latitude': 40.677616, 'longitude': -111.83469}",Lincoln Ln
US,"{'latitude': 45.242783, 'longitude': -98.563675}",Mansfield
US,"{'latitude': 36.75685, 'longitude': -119.23455}",Squaw Valley
MX,"{'latitude': 22.57196, 'longitude': -101.97202}",MSN-Camp-S1
US,"{'latitude': 29.822308, 'longitude': -95.30618}",Apache69
US,"{'latitude': 40.134445, 'longitude': -105.12334}",Creekside and Sunset
US,"{'latitude': 32.501556, 'longitude': -97.006905}",Millbrook
US,"{'latitude': 42.1024, 'longitude': -85.26918}",NHBP
US,"{'latitude': 45.57789, 'longitude': -122.674416}",NCALittleBox2
US,"{'latitude': 39.8496, 'longitude': -121.92277}",North40
US,"{'latitude': 39.612022, 'longitude': -106.70815}",Cordillera- Summit
US,"{'latitude': 37.563614, 'longitude': -122.26319}",Foster City - Niantic Dr.
US,"{'latitude': 38.638466, 'longitude': -109.40308}",140 Buchanan Ln   Castle Valley
US,"{'latitude': 37.91439, 'longitude': -122.02962}",Rancho San Miguel / Los Felicas
US,"{'latitude': 43.5412, 'longitude': -116.143}",NussHaus
US,"{'latitude': 36.391396, 'longitude': -105.280846}","Angel Fire, NM"
US,"{'latitude': 42.4848, 'longitude': -83.31004}",CBS News Detroit NEXT Weather
US,"{'latitude': 37.841827, 'longitude': -122.24774}",Broadway
US,"{'latitude': 41.043926, 'longitude': -111.67677}",Morgan City Visitor's Center powered by UTOPIA Fiber
US,"{'latitude': 43.107624, 'longitude': -72.31947}",Beaver Wood Pond
US,"{'latitude': 38.011585, 'longitude': -122.547935}",Orange Blossom
US,"{'latitude': 35.766674, 'longitude': -78.62495}",State St.
MX,"{'latitude': 25.745947, 'longitude': -100.41292}",Colegio Cambridge de Monterrey Campus Cumbres - Primaria
US,"{'latitude': 40.7214, 'longitude': -96.645}",Kensington Estates
US,"{'latitude': 37.51261, 'longitude': -122.29735}",Orch backyard
US,"{'latitude': 48.34973, 'longitude': -120.71663}","NOCA/NPS-Stehekin, WA"
US,"{'latitude': 45.305202, 'longitude': -122.96771}",George Fox University
US,"{'latitude': 47.985043, 'longitude': -113.92118}",G_SwanLake
US,"{'latitude': 40.09578, 'longitude': -88.315544}",Warnow-Chacko
US,"{'latitude': 38.99373, 'longitude': -119.160164}",LCSD-Yerington
US,"{'latitude': 37.77695, 'longitude': -122.290405}",kiddie kampus
US,"{'latitude': 38.996838, 'longitude': -121.09646}",Winding way outdoor
US,"{'latitude': 41.10572, 'longitude': -112.009476}",Clearfield Bicentennial Park powered by UTOPIA Fiber
US,"{'latitude': 38.09294, 'longitude': -120.13053}",Long Barn - Pumping Station
US,"{'latitude': 41.11883, 'longitude': -112.0984}",West Point Elementary School
US,"{'latitude': 38.540863, 'longitude': -123.096634}",Mohrhardt
US,"{'latitude': 34.37639, 'longitude': -118.99994}",Little Red School House
US,"{'latitude': 35.264942, 'longitude': -120.69507}",Laguna Lake Area
US,"{'latitude': 38.092266, 'longitude': -122.576904}",Indian Valley
US,"{'latitude': 39.125595, 'longitude': -120.95997}",Bear River Canyon
US,"{'latitude': 46.60467, 'longitude': -120.44553}",125 So 41St
US,"{'latitude': 38.927303, 'longitude': -76.92099}",CheverlyAQM_W2_1r
US,"{'latitude': 33.713737, 'longitude': -117.86316}",Capacete Residence
US,"{'latitude': 47.573616, 'longitude': -122.23896}",Front Porch
US,"{'latitude': 36.568073, 'longitude': -121.70494}",Harper
US,"{'latitude': 30.231756, 'longitude': -97.881294}",CRCJV-#2
US,"{'latitude': 34.522, 'longitude': -86.066}",Yard
US,"{'latitude': 37.644516, 'longitude': -121.94277}",Sunol Ridge
US,"{'latitude': 38.088905, 'longitude': -122.518005}",263 Montego Key
US,"{'latitude': 40.86629, 'longitude': -75.12807}",Mt-Bethel-611South
US,"{'latitude': 47.503227, 'longitude': -116.74248}",Bear Tree Farm
US,"{'latitude': 37.893917, 'longitude': -122.27123}",817
MX,"{'latitude': 18.676699, 'longitude': -88.39863}","BOMBEROS, BACALAR - SEMA"
US,"{'latitude': 41.0665, 'longitude': -111.912445}",Layton Oak Hills Dr. &amp; Hwy 89 powered by UTOPIA Fiber
US,"{'latitude': 37.88529, 'longitude': -122.18975}",TOPS Outdoor Classroom
US,"{'latitude': 37.7755, 'longitude': -122.26367}",Sherman Station
US,"{'latitude': 47.78342, 'longitude': -122.12237}",Tralfamador
US,"{'latitude': 39.278294, 'longitude': -94.94477}",New Lawrence Road
US,"{'latitude': 33.53833, 'longitude': -101.781654}",Yellow House Canyon
US,"{'latitude': 41.059727, 'longitude': -124.12889}",Trinidad 
US,"{'latitude': 35.194134, 'longitude': -80.823494}","Eastover, Charlotte, NC"
US,"{'latitude': 40.689796, 'longitude': -112.08269}",West Bench
US,"{'latitude': 44.464527, 'longitude': -73.21176}",Charlotte Street
US,"{'latitude': 39.248917, 'longitude': -76.626976}",Hemingway Temple AME
US,"{'latitude': 38.461086, 'longitude': -120.56692}",Volcano Trail
US,"{'latitude': 44.29801, 'longitude': -91.17275}",Taylor
US,"{'latitude': 42.13433, 'longitude': -122.61738}",Arcadia
US,"{'latitude': 41.07944, 'longitude': -111.90936}",Layton Valley View Dr. powered by UTOPIA Fiber
CA,"{'latitude': 64.190544, 'longitude': -114.18244}",AQSU-5441
US,"{'latitude': 29.440323, 'longitude': -98.48145}",Museum reach boat ramp
US,"{'latitude': 45.51146, 'longitude': -122.55559}",Strip of Weeds
US,"{'latitude': 36.465576, 'longitude': -121.78044}",Vasquez Trail
US,"{'latitude': 43.79973, 'longitude': -123.0532}",LRAPA-Cottage Grove
US,"{'latitude': 36.57126, 'longitude': -118.097855}",CARB_S_GBUAPCD_AlabamaHills
US,"{'latitude': 42.321304, 'longitude': -83.29375}",Crestwood High School - Courtyard
US,"{'latitude': 47.66265, 'longitude': -122.090935}",Evans Creek Apts Redmond
US,"{'latitude': 39.132004, 'longitude': -100.854576}",Oakley
US,"{'latitude': 42.139923, 'longitude': -75.89617}","Port Dickinson, NY"
US,"{'latitude': 47.21025, 'longitude': -122.43561}",Stewart Middle School
US,"{'latitude': 44.018612, 'longitude': -123.0912}",The Village School
US,"{'latitude': 40.38606, 'longitude': -122.291145}",Cottonwood Union School District - DO
US,"{'latitude': 38.34834, 'longitude': -122.78992}",Geek Orchard
CA,"{'latitude': 43.660812, 'longitude': -79.39838}",MP21
US,"{'latitude': 39.373615, 'longitude': -120.99525}",Grizzly Hill School
US,"{'latitude': 39.235676, 'longitude': -120.074684}",Agate Bay
US,"{'latitude': 39.520634, 'longitude': -74.68271}",Laureldale
US,"{'latitude': 37.388664, 'longitude': -122.2633}",Sky Londa
US,"{'latitude': 47.647865, 'longitude': -122.12437}",Cascade View Park
US,"{'latitude': 40.246975, 'longitude': -75.23712}",Jill G
US,"{'latitude': 37.769833, 'longitude': -122.451775}",Mud Upper Haight
US,"{'latitude': 37.750942, 'longitude': -122.42031}",Synergy School (outside)
US,"{'latitude': 37.521603, 'longitude': -122.34236}",Bunker Hill School
US,"{'latitude': 36.80291, 'longitude': -118.19678}",Owens Valley Unified School District
US,"{'latitude': 38.802338, 'longitude': -120.14262}",Strawberry HW50
US,"{'latitude': 37.877342, 'longitude': -122.084526}",Hillside Pool Outside
US,"{'latitude': 37.913994, 'longitude': -122.30215}",ECPC
US,"{'latitude': 37.93226, 'longitude': -122.37145}",154 collins GWR
CA,"{'latitude': 54.058475, 'longitude': -128.68921}",KTAS-001
US,"{'latitude': 37.760532, 'longitude': -122.232346}",Court &amp; Johnson
US,"{'latitude': 39.373566, 'longitude': -119.82937}",Larrea
US,"{'latitude': 43.08658, 'longitude': -85.56744}",W8AGT Rockford
US,"{'latitude': 42.51567, 'longitude': -89.02437}",Merrill Community Center
US,"{'latitude': 38.111233, 'longitude': -122.86595}",Chicken Ranch Beach 94937
US,"{'latitude': 40.04967, 'longitude': -105.27232}",Boulder Waldorf Kindergarten
US,"{'latitude': 38.55478, 'longitude': -90.25221}",Carondelet
CA,"{'latitude': 43.658653, 'longitude': -79.42563}",Rock n' Roll Love Dinosaurs
CA,"{'latitude': 49.471256, 'longitude': -123.75143}","Lehigh Mine - Sechelt, BC 5586 Sinku Dr."
US,"{'latitude': 38.497692, 'longitude': -122.93829}",NoSoCoAir_SummerHomePark_CARB
US,"{'latitude': 40.394596, 'longitude': -105.186295}",Miravalle CO
US,"{'latitude': 37.97465, 'longitude': -122.56291}",San Anselmo Town Hall
US,"{'latitude': 38.81529, 'longitude': -121.24259}",Fox Hill
US,"{'latitude': 33.746918, 'longitude': -118.331535}",Crownview
US,"{'latitude': 37.402657, 'longitude': -122.087944}",rex manor outside
US,"{'latitude': 43.31334, 'longitude': -91.80417}",Luther College (Valders)
US,"{'latitude': 38.11238, 'longitude': -122.5131}",Crest Road Deck
US,"{'latitude': 34.120903, 'longitude': -118.123825}",San Marino Tennis Club
US,"{'latitude': 33.83753, 'longitude': -117.94826}",Anaheim Union High School District Office
US,"{'latitude': 37.814625, 'longitude': -122.227234}",Ashmount
US,"{'latitude': 39.01521, 'longitude': -122.88955}",CARB_SMOKE_LCAQMD_BVR_PRESCH
US,"{'latitude': 37.326412, 'longitude': -121.98215}",Kingdom of Arthur
US,"{'latitude': 33.458466, 'longitude': -117.66664}",Capistrano Beach
US,"{'latitude': 40.536064, 'longitude': -80.17964}",Benson home
CA,"{'latitude': 51.48579, 'longitude': -78.75276}",band office
US,"{'latitude': 37.31868, 'longitude': -122.03431}",Shelly Drive
US,"{'latitude': 37.79556, 'longitude': -121.91961}",Birch Tree Oasis
US,"{'latitude': 38.74849, 'longitude': -90.29861}",Blessed Teresa of Calcutta School
US,"{'latitude': 40.516006, 'longitude': -79.93311}",W. O'hara Township
US,"{'latitude': 38.2678, 'longitude': -122.71294}",McBrown
US,"{'latitude': 36.858067, 'longitude': -119.72782}",Jones
US,"{'latitude': 37.19602, 'longitude': -121.84057}",Scarsdale Place
US,"{'latitude': 34.079445, 'longitude': -118.11298}",SCAP_14
US,"{'latitude': 29.943491, 'longitude': -90.06983}",Downtown New Orleans
US,"{'latitude': 42.251183, 'longitude': -122.7906}",Jackson County Fire District 5
US,"{'latitude': 47.666977, 'longitude': -122.39336}",Ballard
US,"{'latitude': 34.256332, 'longitude': -118.754616}","Hillside Middle School, Simi Valley, CA"
US,"{'latitude': 38.004326, 'longitude': -121.624985}",Delta
US,"{'latitude': 30.25728, 'longitude': -93.27222}","Westlake, Louisiana"
MX,"{'latitude': 32.5234, 'longitude': -116.952484}",US Consulate Tijuana
CA,"{'latitude': 53.598698, 'longitude': -114.97123}",WCAS_Entwistle3
US,"{'latitude': 37.401047, 'longitude': -122.089935}",Rex Manor
US,"{'latitude': 42.263958, 'longitude': -122.815605}",BT_SO_PHX_OUTDR_09
US,"{'latitude': 34.27632, 'longitude': -118.68369}",VCAPCD SV
US,"{'latitude': 37.224884, 'longitude': -121.963264}",M&amp;M Cerro Chico Los Gatos
US,"{'latitude': 45.513184, 'longitude': -122.61304}",Silverhorn
US,"{'latitude': 40.510864, 'longitude': -80.07606}",ROCIS-z5g7-O
CA,"{'latitude': 45.99666, 'longitude': -77.441280}",AQSU-Petawawa-1
US,"{'latitude': 40.08223, 'longitude': -105.358086}",Boulder Heights
US,"{'latitude': 37.752125, 'longitude': -122.43994}",Maison du Vin et Fromage
US,"{'latitude': 37.059986, 'longitude': -119.16983}",Doe Hill
US,"{'latitude': 37.387596, 'longitude': -82.05022}",Lester's Fork
US,"{'latitude': 37.04941, 'longitude': -122.02668}",Blue Bonnet Lane
MX,"{'latitude': 32.317703, 'longitude': -115.24935}",AYUNTAMIENTO DE MEXICALI - COBACH NAYARIT
US,"{'latitude': 34.11383, 'longitude': -116.44937}",MDAQMD_MUSD-YVE
US,"{'latitude': 39.473034, 'longitude': -104.89981}",Deer Clover
US,"{'latitude': 29.741474, 'longitude': -99.7659}",Rodeo Drive
US,"{'latitude': 37.79482, 'longitude': -121.87547}",Bengali Street
US,"{'latitude': 40.657818, 'longitude': -80.30942}",PSR PA FLEX B2
US,"{'latitude': 37.450344, 'longitude': -122.23937}",230 Woodside Drive
US,"{'latitude': 34.22633, 'longitude': -118.05901}",CHARA W1
US,"{'latitude': 37.896217, 'longitude': -122.1807}",La Espiral
US,"{'latitude': 32.831882, 'longitude': -116.81355}",Alpine/Galloway Valley
CA,"{'latitude': 49.232388, 'longitude': -123.026764}",Kingsway &amp; Boundary
US,"{'latitude': 39.561, 'longitude': -105.023}",Wind Crest BT
US,"{'latitude': 40.78786, 'longitude': -111.732254}",Brigham Fork Circle
US,"{'latitude': 37.75838, 'longitude': -122.422386}",Valencia 20th
US,"{'latitude': 43.746655, 'longitude': -87.98601}",Plymouth I
US,"{'latitude': 34.53214, 'longitude': -117.23998}","Shasta Road, Apple Valley"
US,"{'latitude': 37.908234, 'longitude': -122.549126}",Lower Alcatraz Place
US,"{'latitude': 38.572388, 'longitude': -122.588425}",KC  outside
US,"{'latitude': 44.961143, 'longitude': -93.18576}",OpenAeros
US,"{'latitude': 38.914734, 'longitude': -120.01757}",Gardner Mtn - Shady
US,"{'latitude': 33.70096, 'longitude': -117.72836}",Speckled
US,"{'latitude': 37.346687, 'longitude': -79.211266}",Winsor Hills
MX,"{'latitude': 25.645615, 'longitude': -100.3372}",San Roberto International School Campus San Agustin
US,"{'latitude': 39.889465, 'longitude': -82.996895}",MORPC_25
US,"{'latitude': 33.601303, 'longitude': -117.8082}",Coastal Peak
US,"{'latitude': 37.733208, 'longitude': -122.42364}",St Mary's Park
CA,"{'latitude': 49.469376, 'longitude': -103.70854}",Goodwater Field Office
US,"{'latitude': 37.894917, 'longitude': -122.2764}",Contra Costa
CA,"{'latitude': 49.88504, 'longitude': -119.3497}",Black Mountain
US,"{'latitude': 39.922005, 'longitude': -104.95503}",Eastlake01
US,"{'latitude': 38.426624, 'longitude': -122.92807}",HGPbbm
US,"{'latitude': 38.294872, 'longitude': -122.49279}",El Verano West
US,"{'latitude': 32.767982, 'longitude': -97.035995}",GP001
US,"{'latitude': 37.7367, 'longitude': -122.41505}",Bernellsworth
US,"{'latitude': 38.545406, 'longitude': -121.46056}",OPAir
US,"{'latitude': 38.53594, 'longitude': -121.72197}",Mariposa Circle
US,"{'latitude': 40.69677, 'longitude': -80.30695}","Beaver, PA"
US,"{'latitude': 44.81537, 'longitude': -116.03464}",Mountain Budgie Bean
US,"{'latitude': 40.84815, 'longitude': -80.51075}",PET Darlington #2
US,"{'latitude': 37.420155, 'longitude': -122.24927}",KCAWOODS6
US,"{'latitude': 42.61712, 'longitude': -72.59629}",Country club road
US,"{'latitude': 38.095055, 'longitude': -122.19071}",Somerset/ Waterstone
US,"{'latitude': 48.310772, 'longitude': -116.46407}",Kaniksu Shores
US,"{'latitude': 35.3074, 'longitude': -80.7337}",UNC Charlotte McEniry4
US,"{'latitude': 37.406815, 'longitude': -121.89747}",Hazelnut
US,"{'latitude': 45.5743, 'longitude': -122.6433}",Morgan
US,"{'latitude': 37.583836, 'longitude': -122.36194}",Garage
US,"{'latitude': 46.021442, 'longitude': -121.289406}",Glenwood School
US,"{'latitude': 36.76274, 'longitude': -119.798676}",CCA Root Access Hackerspace #2
US,"{'latitude': 37.90177, 'longitude': -122.138794}",Kite Hill
US,"{'latitude': 40.55191, 'longitude': -122.16919}",Millville Elementary School
US,"{'latitude': 29.947346, 'longitude': -90.12832}",R&amp;R's house
US,"{'latitude': 45.729527, 'longitude': -121.48061}",Klickitat County Health Department
US,"{'latitude': 38.57543, 'longitude': -122.59172}",Foothill
US,"{'latitude': 42.499035, 'longitude': -73.88156}",Clean Air Coalition of Greater Ravena-Coeymans / Capital Region Air Justice Lab #5 (Selkirk) Info at: www.mediasanctuary.org
US,"{'latitude': 35.97109, 'longitude': -83.90441}",SEEED Knox
US,"{'latitude': 37.755627, 'longitude': -122.24205}",The Burrow
US,"{'latitude': 33.98597, 'longitude': -116.53965}",Mountain_View_Estates@Mission_Lakes
US,"{'latitude': 34.200146, 'longitude': -118.197235}",Central La Canada Flintridge
US,"{'latitude': 37.628807, 'longitude': -120.89965}",Empire
US,"{'latitude': 42.31716, 'longitude': -83.094154}",EC_Clark
US,"{'latitude': 37.032932, 'longitude': -122.00651}",Burl Road
CA,"{'latitude': 49.036102, 'longitude': -119.477844}",Osoyoos visitor centre
US,"{'latitude': 37.06933, 'longitude': -120.81642}",Pacheco High School
US,"{'latitude': 43.5337, 'longitude': -111.960945}",Dorothy
US,"{'latitude': 47.63767, 'longitude': -122.38723}","Magnolia, WA"
US,"{'latitude': 40.62664, 'longitude': -111.814255}",Virginia Hills drive
US,"{'latitude': 33.944595, 'longitude': -116.83035}",Air Monitroing Station
US,"{'latitude': 37.662003, 'longitude': -121.7258}",Winery
US,"{'latitude': 33.576565, 'longitude': -101.87511}",Tech Terrace 01 (Lubbock)
US,"{'latitude': 19.623238, 'longitude': -155.96786}",Kona Home Outdoors
US,"{'latitude': 43.463455, 'longitude': -121.694756}",KCPH Crescent
US,"{'latitude': 37.479572, 'longitude': -122.28443}",Brittan Heights La Mesa Dr
US,"{'latitude': 37.77372, 'longitude': -122.186386}",Rosie's House
US,"{'latitude': 37.422558, 'longitude': -122.1028}",Moldaw South
US,"{'latitude': 35.729736, 'longitude': -120.6742}",TFE - Trinchero Central Coast
US,"{'latitude': 38.5369, 'longitude': -121.55606}",F.I.R.E. 2024
US,"{'latitude': 38.32229, 'longitude': -122.48544}",Agua Caliente
US,"{'latitude': 36.83982, 'longitude': -119.834625}",Palazzo’D
US,"{'latitude': 42.47467, 'longitude': -70.9714}",DEPE351
US,"{'latitude': 39.74456, 'longitude': -105.09453}",Dudley St
US,"{'latitude': 29.723648, 'longitude': -95.42064}",Northeast West U
US,"{'latitude': 38.760204, 'longitude': -122.15165}",Yocha Dehe Wintun Nation
CA,"{'latitude': 54.78235, 'longitude': -127.15948}",ENV PA Saltos
US,"{'latitude': 38.921253, 'longitude': -121.22139}",N forty road
MX,"{'latitude': 22.889877, 'longitude': -109.90813}",AMC Medical Center
US,"{'latitude': 41.07105, 'longitude': -111.987564}",Layton 1100 W Hill Field Rd. powered by UTOPIA Fiber
CA,"{'latitude': 49.77379, 'longitude': -119.73628}",AQSU-C7ED
US,"{'latitude': 38.03008, 'longitude': -122.580956}",Mt Tallac Ct
US,"{'latitude': 35.42711, 'longitude': -78.812614}",Clean sure clean/Matthewsrd
US,"{'latitude': 37.552364, 'longitude': -122.28137}",Foster City Spinnaker Cove
US,"{'latitude': 35.034443, 'longitude': -120.547195}","1518 Trail View Place, Nipomo, CA  93444-6619"
US,"{'latitude': 42.5474, 'longitude': -83.222595}",Birmingham
US,"{'latitude': 33.769012, 'longitude': -118.078865}",SCSB_14
CA,"{'latitude': 43.269897, 'longitude': -79.97175}",DUNDAS
US,"{'latitude': 37.92835, 'longitude': -122.394745}",Near bay
US,"{'latitude': 45.561657, 'longitude': -122.682594}",Overlook @ The Perch
US,"{'latitude': 47.704334, 'longitude': -122.209335}",Juanita
US,"{'latitude': 34.97499, 'longitude': -78.94164}",Hope Mills Lake
US,"{'latitude': 38.405262, 'longitude': -120.77557}",Cassinelli Ranch Road
US,"{'latitude': 43.176613, 'longitude': -87.89051}","Bayside, WI"
US,"{'latitude': 37.692123, 'longitude': -121.87583}",Fairlands Park
CA,"{'latitude': 50.78681, 'longitude': -112.4638}",PAS_Bassano
US,"{'latitude': 41.413364, 'longitude': -92.916374}","Main St  Pella, Iowa"
US,"{'latitude': 37.491573, 'longitude': -120.859764}",SW Turlock
US,"{'latitude': 37.777813, 'longitude': -122.198685}",2600 Best Ave Outside
US,"{'latitude': 39.60088, 'longitude': -104.73798}",SRRanches
US,"{'latitude': 42.055035, 'longitude': -123.617035}",TAKILMA
US,"{'latitude': 40.542088, 'longitude': -79.93459}",West Indiana Township
US,"{'latitude': 19.608747, 'longitude': -155.96782}",LakoHouse
US,"{'latitude': 37.0837, 'longitude': -122.13436}",Empire/Pine Flat
US,"{'latitude': 40.65682, 'longitude': -119.35986}",BRC Tower in Gerlach NV
US,"{'latitude': 38.444996, 'longitude': -122.89957}",Green Valley Oasis
US,"{'latitude': 37.44699, 'longitude': -122.21643}",243
US,"{'latitude': 41.323833, 'longitude': -105.56584}",Laramie Middle School
US,"{'latitude': 44.934788, 'longitude': -123.02956}",Willamette Sparks Center
US,"{'latitude': 48.27758, 'longitude': -117.71302}",Chewelah Public Library-NETCHD
US,"{'latitude': 42.593098, 'longitude': -71.12893}",Martin Pond
US,"{'latitude': 38.241196, 'longitude': -122.64864}",719 Keokuk
US,"{'latitude': 47.04872, 'longitude': -122.93769}",ORCAA
US,"{'latitude': 30.66903, 'longitude': -98.07575}",South Oatmeal
US,"{'latitude': 34.45086, 'longitude': -118.51963}",AQMD_NASA_37
US,"{'latitude': 33.74202, 'longitude': -117.44635}",GE Office
US,"{'latitude': 41.80038, 'longitude': -123.374954}",SAFE-HappyCamp-HR
US,"{'latitude': 34.093456, 'longitude': -117.70546}",OHA_test
US,"{'latitude': 33.073666, 'longitude': -96.89765}",The Colony Standridge
US,"{'latitude': 37.645454, 'longitude': -122.11885}",Hayward West
US,"{'latitude': 46.60727, 'longitude': -120.44464}",Terrace Heights Elementary
US,"{'latitude': 38.04769, 'longitude': -122.54546}",Pacheco Valle
US,"{'latitude': 33.793907, 'longitude': -116.96797}",SJUSD-SJHS-Pool
US,"{'latitude': 37.070023, 'longitude': -121.95988}",Bohnen Road
US,"{'latitude': 33.76107, 'longitude': -117.481445}",SCTV_45
US,"{'latitude': 40.74831, 'longitude': -111.84021}",Michigan Ave
US,"{'latitude': 37.365578, 'longitude': -122.299}",Djerassi Resident Artists Program
US,"{'latitude': 38.67713, 'longitude': -120.83917}",EDCAQMD Koki Ln.
US,"{'latitude': 38.959072, 'longitude': -77.33285}",1620 Bandit Loop
US,"{'latitude': 45.87106, 'longitude': -122.6749}",LC
US,"{'latitude': 37.403973, 'longitude': -122.19848}",Ladera Rec
US,"{'latitude': 33.684814, 'longitude': -117.72861}",Irvine
US,"{'latitude': 45.5428, 'longitude': -122.7474}",53rd Drive
US,"{'latitude': 38.882996, 'longitude': -123.0559}",Rosati Vineyards
CA,"{'latitude': 49.240967, 'longitude': -124.803215}",Cyril’Place
US,"{'latitude': 45.51662, 'longitude': -122.473465}",NCA Rockwood Village
US,"{'latitude': 48.8255, 'longitude': -118.6507}",StorybookMountainRanchMaloWA
US,"{'latitude': 40.039227, 'longitude': -105.2689}",Parkside
US,"{'latitude': 37.362408, 'longitude': -122.10136}",Valley View Tito
US,"{'latitude': 37.545204, 'longitude': -122.29749}",Bay Meadows
CA,"{'latitude': 49.70868, 'longitude': -123.12059}",Mossy Rocks Rock
US,"{'latitude': 45.474007, 'longitude': -122.70476}",Upper Multnomah Village
US,"{'latitude': 37.81265, 'longitude': -122.19595}",WSG
US,"{'latitude': 38.71321, 'longitude': -120.94451}",Rancho Ponderosa
MX,"{'latitude': 29.132936, 'longitude': -110.95183}",Cumbres
MX,"{'latitude': 20.694925, 'longitude': -100.468124}",(52:28) JMD
US,"{'latitude': 47.59761, 'longitude': -120.81819}",Cabin
US,"{'latitude': 37.957817, 'longitude': -122.274086}",Olinda Road
US,"{'latitude': 39.242733, 'longitude': -121.00093}",CCA Big Blue and Gracie
US,"{'latitude': 40.097954, 'longitude': -75.195045}",Free Library of Springfield Township
US,"{'latitude': 48.317516, 'longitude': -107.86223}",ML_Malta
US,"{'latitude': 45.922844, 'longitude': -120.672264}",Goldendale Labs
US,"{'latitude': 38.11482, 'longitude': -86.940926}","Santa Claus, Indiana"
US,"{'latitude': 33.93171, 'longitude': -112.083145}",New River
US,"{'latitude': 33.114075, 'longitude': -97.365974}",UNT-GEO-58
US,"{'latitude': 39.20987, 'longitude': -120.0992}",Fulton
US,"{'latitude': 33.794632, 'longitude': -118.09243}",Pattiz Avenue
US,"{'latitude': 42.245697, 'longitude': -70.95711}",North Weymouth 2 (FRRACS) King’s Cove
US,"{'latitude': 29.778414, 'longitude': -95.35952}",AAH NN Gentry
US,"{'latitude': 44.310143, 'longitude': -121.5892}",Pommel2
US,"{'latitude': 47.677647, 'longitude': -117.16864}",Ranger Run
US,"{'latitude': 39.383186, 'longitude': -119.815346}",Parisian court
US,"{'latitude': 37.93273, 'longitude': -122.03972}",BEE Patio
US,"{'latitude': 36.843327, 'longitude': -76.27942}",Harbor Park
US,"{'latitude': 35.817, 'longitude': -106.209}",Arbol Ct White Rock
US,"{'latitude': 35.992317, 'longitude': -115.12511}",Henderson
US,"{'latitude': 38.679905, 'longitude': -121.082115}",Parkview Heights
US,"{'latitude': 44.79908, 'longitude': -91.50087}",UWEC-1
US,"{'latitude': 38.293007, 'longitude': -76.48948}",EMS Front Left Sensor
US,"{'latitude': 42.089066, 'longitude': -71.629555}",Uxbridge BOH/Whitin Intermediate School
US,"{'latitude': 40.45019, 'longitude': -111.93361}",Bluffdale RRP
US,"{'latitude': 32.682343, 'longitude': -115.494675}",PURPLEAIR PA-II-SD CLX HSE
US,"{'latitude': 37.040337, 'longitude': -122.02553}",TurulKeble
US,"{'latitude': 37.785774, 'longitude': -122.20464}",Allendale Sunspot
US,"{'latitude': 44.02093, 'longitude': -121.33463}","Southwest Bend, OR"
US,"{'latitude': 41.174, 'longitude': -75.567}",Arrowhead Lakes Poconos [LDEO - Westervelt]
US,"{'latitude': 45.003338, 'longitude': -93.25568}",MplsLoganAQI
US,"{'latitude': 37.179832, 'longitude': -122.02993}",Skyline Goat Trail
US,"{'latitude': 40.220963, 'longitude': -105.255104}",Lyons
US,"{'latitude': 37.6555, 'longitude': -122.4775}",Imperial Park
US,"{'latitude': 37.930737, 'longitude': -122.069466}",Eccleston &amp; Sun Valley
US,"{'latitude': 40.877953, 'longitude': -111.869354}",Millcreek Way_1
US,"{'latitude': 48.328327, 'longitude': -122.010864}",Cavanaugh
US,"{'latitude': 41.19397, 'longitude': -111.9427}",Tracy Hall
US,"{'latitude': 48.486214, 'longitude': -113.367065}",Two Medicine Ranger Station
CA,"{'latitude': 52.82642, 'longitude': -119.26854}",Torg-0001
US,"{'latitude': 38.042538, 'longitude': -78.498634}",Preston Place
US,"{'latitude': 38.211765, 'longitude': -76.40064}",SRMS Right Side Sensor
US,"{'latitude': 34.212307, 'longitude': -119.02193}",Rancho Rosal Elementary School
US,"{'latitude': 33.99776, 'longitude': -117.4188}",Old_Test_3
US,"{'latitude': 38.56561, 'longitude': -122.557465}",Dunaweal Lane
US,"{'latitude': 35.55302, 'longitude': -105.93431}",Fonda Ct
MX,"{'latitude': 31.65894, 'longitude': -106.411766}",CJ11-L-01
US,"{'latitude': 35.63695, 'longitude': -105.98577}",Plaza Rojo
US,"{'latitude': 48.84111, 'longitude': -100.440895}",DCB Jacks
US,"{'latitude': 39.143032, 'longitude': -121.038956}","Carrie Drive, Grass Valley"
US,"{'latitude': 44.602146, 'longitude': -72.62728}","Hyde Park, VT"
CA,"{'latitude': 47.42356, 'longitude': -66.92538}",AQSU-8EE8
US,"{'latitude': 41.725204, 'longitude': -112.23634}",Tremonton 1000N 9000W powered by UTOPIA Fiber
US,"{'latitude': 38.6089, 'longitude': -121.470055}",301 Harding Ave
US,"{'latitude': 38.2623, 'longitude': -85.5388}","Anchorage, Kentucky - Maple Lane"
US,"{'latitude': 38.72148, 'longitude': -121.21549}",Private Home
US,"{'latitude': 37.789845, 'longitude': -122.148384}",WA6TYQ Tower
US,"{'latitude': 38.352825, 'longitude': -122.29837}",Boyd Family Vineyards
US,"{'latitude': 37.32555, 'longitude': -122.05785}",K6TD
US,"{'latitude': 37.428905, 'longitude': -121.803955}",unincorporated Santa Clara County
MX,"{'latitude': 25.658031, 'longitude': -100.34529}",Rio Tamuín
US,"{'latitude': 37.909946, 'longitude': -122.34203}",Breakers Marina Bay
US,"{'latitude': 44.886723, 'longitude': -67.019684}",Comstock Point
US,"{'latitude': 37.005974, 'longitude': -122.07281}",SCWS
US,"{'latitude': 38.603767, 'longitude': -121.42147}",ArdenAirQ1
US,"{'latitude': 35.78452, 'longitude': -119.26269}",Albany Park School
US,"{'latitude': 38.294228, 'longitude': -76.483215}",GHES Back Sensor
US,"{'latitude': 47.6676, 'longitude': -122.33961}",outside
US,"{'latitude': 38.324852, 'longitude': -122.50414}",Don Timoteo Court
US,"{'latitude': 48.05431, 'longitude': -122.17154}",Marysville 7th
US,"{'latitude': 33.022003, 'longitude': -97.22522}",UNT-GEO-68
US,"{'latitude': 37.550167, 'longitude': -119.64278}",CARB_Smoke_MCAPCD_Wawona
US,"{'latitude': 38.46686, 'longitude': -120.04677}","John Ebbetts, Bear Valley, CA"
US,"{'latitude': 30.266632, 'longitude': -91.21969}",Iberville
US,"{'latitude': 40.87273, 'longitude': -121.6639}",Norki Zyits
US,"{'latitude': 43.970165, 'longitude': -123.055786}",Maybloom North
US,"{'latitude': 39.183918, 'longitude': -96.594986}",Westview
US,"{'latitude': 37.26919, 'longitude': -121.98752}",Roundtree
US,"{'latitude': 35.264194, 'longitude': -120.70959}",VLV Air
US,"{'latitude': 35.2848, 'longitude': -82.688225}",CleanAIRENC - Pisgah Forest
US,"{'latitude': 37.22823, 'longitude': -122.05479}",Sanborn Park
US,"{'latitude': 38.273083, 'longitude': -122.67423}",Worker2
US,"{'latitude': 37.71314, 'longitude': -121.400345}",Amatchi
US,"{'latitude': 37.972504, 'longitude': -121.98304}",Chaban Dr
US,"{'latitude': 38.08987, 'longitude': -78.67822}",Crozet Farmhouse
US,"{'latitude': 38.46513, 'longitude': -121.38427}",Duncan's PurpleAir
CA,"{'latitude': 53.995934, 'longitude': -122.79671}",AQSU-9233
US,"{'latitude': 35.564346, 'longitude': -77.18161}",Clean Air Carolina &amp; ECU - GR Whitfield School
US,"{'latitude': 47.679783, 'longitude': -122.271866}",View Ridge
US,"{'latitude': 37.366974, 'longitude': -122.01723}",Gail Ave
US,"{'latitude': 39.965553, 'longitude': -105.160416}",Lark Ave - Louisville
US,"{'latitude': 47.63359, 'longitude': -122.278275}",2nd Floor Deck
US,"{'latitude': 37.7913, 'longitude': -122.14989}",GP
US,"{'latitude': 37.664124, 'longitude': -121.90175}",Petite Sirah
US,"{'latitude': 37.38427, 'longitude': -122.20244}",Alhambra
US,"{'latitude': 42.892796, 'longitude': -78.8093}",CACWNY_01
US,"{'latitude': 37.379654, 'longitude': -121.81301}",East Foothills
US,"{'latitude': 38.525105, 'longitude': -122.476494}",Fawn Park Estates
US,"{'latitude': 41.868732, 'longitude': -122.81636}",Klamath River Club
US,"{'latitude': 37.087032, 'longitude': -77.38828}",RadioPrinceGeorge
US,"{'latitude': 45.55093, 'longitude': -122.63391}",NE Regents Drive
US,"{'latitude': 64.83289, 'longitude': -147.9022}",Allen Adale Rd
US,"{'latitude': 33.094864, 'longitude': -97.1461}",UNT-GEO-57
US,"{'latitude': 37.882465, 'longitude': -122.25867}",BVW
US,"{'latitude': 33.8436, 'longitude': -118.099106}",CCA Clematis and Shadeway
US,"{'latitude': 45.28224, 'longitude': -123.01547}",Harvey Creek
US,"{'latitude': 39.54988, 'longitude': -105.015366}",Bitterroot Place
US,"{'latitude': 61.10959, 'longitude': -149.87827}",ANTHC-Johns Road Anchorage
US,"{'latitude': 48.0647, 'longitude': -121.93545}",Granite Falls Drop Box
MX,"{'latitude': 25.650322, 'longitude': -100.32849}",Liceo de Monterrey
US,"{'latitude': 48.818943, 'longitude': -122.38879}",NorthWest Therapeutic Riding Center
US,"{'latitude': 38.646454, 'longitude': -90.262794}","Central West End, St. Louis"
US,"{'latitude': 46.654808, 'longitude': -120.54264}",10th street
US,"{'latitude': 46.934563, 'longitude': -121.50078}",Crystal Summit
US,"{'latitude': 42.120163, 'longitude': -72.585144}",DEP9A9B
US,"{'latitude': 41.074944, 'longitude': -111.95793}",Layton King Elementary powered by UTOPIA Fiber
US,"{'latitude': 42.573586, 'longitude': -72.59616}",FRTA
US,"{'latitude': 39.36359, 'longitude': -121.24538}",CARB SMOKE FRAQMD YESCharter
US,"{'latitude': 39.484962, 'longitude': -118.75889}",WSMART100
US,"{'latitude': 40.03435, 'longitude': -105.2821}",Grape_and_Broadway
US,"{'latitude': 40.293507, 'longitude': -111.739006}",Orem Lakeside Sports Park North
US,"{'latitude': 34.095688, 'longitude': -118.15755}",USCEHC - Huntington/Main
US,"{'latitude': 40.522305, 'longitude': -111.92919}",Riverton
US,"{'latitude': 37.949493, 'longitude': -122.53703}",Marin Catholic
US,"{'latitude': 40.575317, 'longitude': -124.26306}","Ferndale, CA"
CA,"{'latitude': 49.796337, 'longitude': -119.52191}",Uplands2
US,"{'latitude': 37.28064, 'longitude': -122.11939}",Stevens Canyon
US,"{'latitude': 33.49478, 'longitude': -96.77178}","North Wall Street, Gunter"
US,"{'latitude': 37.862576, 'longitude': -122.225685}","Strathmoor Drive, Claremont Hills"
US,"{'latitude': 33.130417, 'longitude': -117.15757}",CSUSM Social and Behavioral Sciences Building
US,"{'latitude': 41.226124, 'longitude': -111.7369}",Falcon Crest
US,"{'latitude': 37.73332, 'longitude': -122.13488}",LeBrun Estates
US,"{'latitude': 37.5776, 'longitude': -122.31586}",North Shoreview on the Corner
US,"{'latitude': 40.048946, 'longitude': -105.280266}",Redwood &amp; Riverside
US,"{'latitude': 38.958454, 'longitude': -106.98805}",Rocky Mtn Biological Lab
US,"{'latitude': 36.724483, 'longitude': -119.701645}",Sunnyside 93727
US,"{'latitude': 44.81243, 'longitude': -85.73968}",Ramblewood
US,"{'latitude': 33.133472, 'longitude': -117.15422}",CSUSM University Services Building
US,"{'latitude': 37.27943, 'longitude': -121.97542}",Bees Knees
US,"{'latitude': 38.4064, 'longitude': -122.9221}",TnTFarms
US,"{'latitude': 40.9383, 'longitude': -74.0408}",Millbrook Road
CA,"{'latitude': 54.73985, 'longitude': -127.14191}",cleanairplan.ca-SmithersCarr
US,"{'latitude': 38.111565, 'longitude': -122.586464}",fox den
US,"{'latitude': 35.2532, 'longitude': -80.8579}",Clean Air Carolina Washington Heights
US,"{'latitude': 40.78727, 'longitude': -111.93189}",Rose Park-Rondongo-Outside
US,"{'latitude': 42.275253, 'longitude': -122.82029}",BT_SO_PHX_01
US,"{'latitude': 33.825176, 'longitude': -118.31842}",Plaza Del Amo and Washington
US,"{'latitude': 38.497, 'longitude': -121.41784}",Lindale North
US,"{'latitude': 35.03867, 'longitude': -80.83838}",Outside
US,"{'latitude': 38.730003, 'longitude': -121.23784}",Grimace
US,"{'latitude': 38.757187, 'longitude': -120.58382}",Ridgeway
US,"{'latitude': 42.53817, 'longitude': -82.93374}",Fraser MI
US,"{'latitude': 37.50888, 'longitude': -122.25506}",Cherry
US,"{'latitude': 37.242138, 'longitude': -121.92831}",Barbara Drive
US,"{'latitude': 47.579605, 'longitude': -122.02033}",Pine Lake Meadows
US,"{'latitude': 41.763565, 'longitude': -71.01933}",Fire Dept - Bullock
US,"{'latitude': 40.64664, 'longitude': -80.29439}",Trinity
US,"{'latitude': 32.07596, 'longitude': -94.52738}",Long Branch monitor
US,"{'latitude': 43.84786, 'longitude': -121.43234}",Caldera Springs
CA,"{'latitude': 53.52915, 'longitude': -114.00546}",TOWN OFFICE
US,"{'latitude': 35.564167, 'longitude': -84.246895}",Kahite
US,"{'latitude': 64.85901, 'longitude': -147.96252}",Fairbanks Lemon Ln
US,"{'latitude': 39.104435, 'longitude': -84.553116}",Meiser's
US,"{'latitude': 37.347836, 'longitude': -122.02438}",Cheshire Way
US,"{'latitude': 33.62101, 'longitude': -114.60628}",MDAQMD-PVUSD-PVH_2
US,"{'latitude': 37.89405, 'longitude': -122.18403}",59Compound
US,"{'latitude': 37.12985, 'longitude': -122.12196}",Huckleberry Woods
US,"{'latitude': 47.380432, 'longitude': -122.94082}",Twanoh Falls Beach Club
US,"{'latitude': 37.900024, 'longitude': -122.17643}",Las Palomas
CA,"{'latitude': 50.28057, 'longitude': -119.21143}",Lower Hartnell
US,"{'latitude': 34.17919, 'longitude': -118.09023}",Kinneloa Canyon
US,"{'latitude': 44.92594, 'longitude': -91.300835}",Lake Wissota
US,"{'latitude': 39.05056, 'longitude': -108.58096}",Scissors home
US,"{'latitude': 33.512897, 'longitude': -112.04247}",Camelback East
US,"{'latitude': 47.29118, 'longitude': -122.25504}",North Algona
US,"{'latitude': 38.804283, 'longitude': -77.54854}",Groveton Road
US,"{'latitude': 44.49042, 'longitude': -121.643}",House on Metolius
CA,"{'latitude': 45.495842, 'longitude': -75.74545}",NAPS-SNPA_Gatineau-1
US,"{'latitude': 42.045555, 'longitude': -111.42148}",Fish Haven Canyon Estates
US,"{'latitude': 36.695824, 'longitude': -121.80144}",Juniper Court
US,"{'latitude': 45.524063, 'longitude': -122.95157}",Brogden St
US,"{'latitude': 42.567657, 'longitude': -72.800865}",BFD
US,"{'latitude': 37.240322, 'longitude': -121.96528}",BK Lark Ave
US,"{'latitude': 42.176594, 'longitude': -123.22752}",Mellonia Farm
US,"{'latitude': 42.343204, 'longitude': -71.18523}",Newton Center
US,"{'latitude': 38.162666, 'longitude': -122.231346}",ACHS Wolf Den Stadium
US,"{'latitude': 38.313282, 'longitude': -76.75868}",DES Back Sensor
US,"{'latitude': 45.03069, 'longitude': -93.39377}",Northwood West Air Quality
US,"{'latitude': 40.828426, 'longitude': -96.67872}",LLCHD - Clinton Elementary School
US,"{'latitude': 37.96858, 'longitude': -120.29063}",Curtis Creek Ranch
US,"{'latitude': 40.70923, 'longitude': -74.19507}",NJ7347
US,"{'latitude': 37.439686, 'longitude': -122.19027}",Hobart St
US,"{'latitude': 37.454056, 'longitude': -122.1589}",Palo Alto Ave between Fulton St and Everett Ave
US,"{'latitude': 19.311298, 'longitude': -155.87045}",Kaohe Mauka
US,"{'latitude': 40.63271, 'longitude': -105.07242}",Benmer
US,"{'latitude': 47.55287, 'longitude': -122.13287}",The Summit
US,"{'latitude': 38.002686, 'longitude': -92.75868}",Camdenton AQI
US,"{'latitude': 41.311264, 'longitude': -105.56829}",War Memorial Stadium
US,"{'latitude': 37.74444, 'longitude': -122.43337}",Castro-28th
US,"{'latitude': 38.48744, 'longitude': -121.5047}",1404 lomas way sacramento ca 95822
US,"{'latitude': 38.753822, 'longitude': -121.29754}",Bub - Cerritos
US,"{'latitude': 48.866234, 'longitude': -119.177414}",Brown Mtn
US,"{'latitude': 37.47196, 'longitude': -122.23194}",Hawes Right Field
US,"{'latitude': 37.068127, 'longitude': -121.99821}",Vine Hill Garden
US,"{'latitude': 45.580994, 'longitude': -122.731636}",McKenna Park
US,"{'latitude': 37.973755, 'longitude': -122.56796}",Robson Harrington
US,"{'latitude': 38.555035, 'longitude': -121.73035}",Chestnut Park
US,"{'latitude': 47.820827, 'longitude': -92.10382}",Eagles Nest Twnp
US,"{'latitude': 47.766964, 'longitude': -114.074554}",Finley Point
US,"{'latitude': 34.04971, 'longitude': -83.182045}",Zetta Lee Johnson Rd
US,"{'latitude': 33.817127, 'longitude': -118.0781}",Rosina St.
US,"{'latitude': 39.589264, 'longitude': -104.73701}",Saddle Rock South
US,"{'latitude': 42.33702, 'longitude': -71.85691}",Coyote Den
US,"{'latitude': 38.550514, 'longitude': -121.46021}",Serv-Rite Market
US,"{'latitude': 47.64038, 'longitude': -122.17187}",CherryCrest Outside
US,"{'latitude': 40.727, 'longitude': -108.887}",DINO Lodore Ranger Station
CA,"{'latitude': 54.696453, 'longitude': -127.05112}",cleanairplan.ca-Telkwa-04
US,"{'latitude': 38.40561, 'longitude': -122.61685}",Bennett Vista Place
US,"{'latitude': 37.092022, 'longitude': -121.997284}",Skyote Mountain
US,"{'latitude': 37.199966, 'longitude': -108.730095}",KCA_Towaoc
US,"{'latitude': 39.037834, 'longitude': -122.42528}",Wilbur Hot Springs
US,"{'latitude': 37.884678, 'longitude': -122.12302}",Boyer Circle
US,"{'latitude': 37.847954, 'longitude': -122.12289}",Fernwood backyard
US,"{'latitude': 37.441906, 'longitude': -122.15529}",Bryant Street and Addison Avenue
US,"{'latitude': 40.193325, 'longitude': -105.11421}",Salina
CA,"{'latitude': 53.528072, 'longitude': -113.41634}",AQSU-5226
CA,"{'latitude': 53.426987, 'longitude': -117.54366}",WCA_Hinton
US,"{'latitude': 47.7076, 'longitude': -122.110725}",WU Outside
US,"{'latitude': 38.57348, 'longitude': -122.805916}",Lower Arena
US,"{'latitude': 34.156155, 'longitude': -118.000656}",AQMD_NASA_242
US,"{'latitude': 34.515312, 'longitude': -118.155304}",Wild Hare Ranch
US,"{'latitude': 26.672947, 'longitude': -82.040146}",Cape Coral Fire Station #11
US,"{'latitude': 47.805256, 'longitude': -122.3157}",SWRTS
US,"{'latitude': 39.96028, 'longitude': -83.006294}",MORPC_30
US,"{'latitude': 47.584904, 'longitude': -122.14913}",BCAirmonitor-01
US,"{'latitude': 38.231873, 'longitude': -120.37277}",Dacha
US,"{'latitude': 37.882725, 'longitude': -122.26758}",Chez Smiener
US,"{'latitude': 30.586252, 'longitude': -97.77036}","Parkside at Mayfield Ranch@Georgetown, Tx"
US,"{'latitude': 37.299656, 'longitude': -121.88817}",Backyard
US,"{'latitude': 38.77549, 'longitude': -77.28444}","Western Burke, VA"
US,"{'latitude': 63.009537, 'longitude': -141.80096}",Tetlin NWR Northway Bunkhouse
US,"{'latitude': 37.35873, 'longitude': -122.09728}",Magdalena
US,"{'latitude': 37.933697, 'longitude': -122.534424}","230 monte vista ave, larkspur, ca, 94939"
US,"{'latitude': 35.033035, 'longitude': -120.542496}",Upper Vista Tesoro
US,"{'latitude': 38.477413, 'longitude': -122.44961}",Zinfandel Ln
US,"{'latitude': 38.858486, 'longitude': -119.99915}",Ojibwa St
US,"{'latitude': 34.112953, 'longitude': -118.32981}",Hollywood Dell
US,"{'latitude': 33.329514, 'longitude': -111.602356}",Stearn
US,"{'latitude': 37.77509, 'longitude': -122.433174}",Alamo Square
US,"{'latitude': 37.910316, 'longitude': -122.17924}",Dalewood Dr.
US,"{'latitude': 39.80924, 'longitude': -75.43927}",CLA5001
CA,"{'latitude': 43.92146, 'longitude': -65.83394}",AQSU-7497
US,"{'latitude': 39.685993, 'longitude': -123.482956}",Laytonville Unified School District 
US,"{'latitude': 37.40528, 'longitude': -121.87308}",Cataldi
US,"{'latitude': 33.151684, 'longitude': -96.76765}",UNT-GEO-Frisco
US,"{'latitude': 37.332165, 'longitude': -121.957306}",Osborne Ave
US,"{'latitude': 45.53762, 'longitude': -122.666534}",GH Tillamook Row
MX,"{'latitude': 32.52021, 'longitude': -117.07334}",N | Biblioteca Francisco Eusebio Kino | AYUNTAMIENTO DE TIJUANA
US,"{'latitude': 35.158676, 'longitude': -101.83544}",Amarillo
US,"{'latitude': 37.297634, 'longitude': -121.87977}",Almaden Walk Loop
US,"{'latitude': 37.851658, 'longitude': -122.12118}",MORAGA57
US,"{'latitude': 38.6852, 'longitude': -121.10758}","Folsom, California"
US,"{'latitude': 37.254707, 'longitude': -80.06595}",The Ridge
US,"{'latitude': 40.327843, 'longitude': -80.20408}",Sir James
US,"{'latitude': 39.67582, 'longitude': -105.26798}",Gopher70
US,"{'latitude': 39.689774, 'longitude': -119.90899}",Silly J air
US,"{'latitude': 38.295074, 'longitude': -122.53546}",Hawks Beard
US,"{'latitude': 40.078087, 'longitude': -75.1096}",NE Elkins Park PA.
US,"{'latitude': 34.15206, 'longitude': -117.93399}",Duarte Hills
CA,"{'latitude': 49.66113, 'longitude': -110.2928}",AQSU-2DB6
US,"{'latitude': 47.70082, 'longitude': -122.19287}",Forbes Creek
US,"{'latitude': 45.42304, 'longitude': -122.82765}",Bull Mountain
US,"{'latitude': 33.137512, 'longitude': -96.76791}",Frisco 01
US,"{'latitude': 37.408405, 'longitude': -122.10086}",The Coop
US,"{'latitude': 32.77678, 'longitude': -117.15156}",Circa37
US,"{'latitude': 37.341526, 'longitude': -122.109085}",Camino Hermoso
US,"{'latitude': 42.54847, 'longitude': -83.23116}",Pilgrim near Pine
MX,"{'latitude': 25.639122, 'longitude': -100.34141}",CECVAC
US,"{'latitude': 33.012363, 'longitude': -96.90979}",UNT-GEO-33
US,"{'latitude': 39.598278, 'longitude': -119.23962}",KM4PFH
US,"{'latitude': 40.75687, 'longitude': -111.8557}",Lehmbegovic
CA,"{'latitude': 43.660366, 'longitude': -79.39796}",MP14
CA,"{'latitude': 48.232895, 'longitude': -70.20548}",L'Anse Saint Jean
US,"{'latitude': 38.150974, 'longitude': -122.863945}",Barinaga Ranch
US,"{'latitude': 37.791164, 'longitude': -122.43373}",SK Patio
US,"{'latitude': 38.208424, 'longitude': -120.46257}",Sheep Ranch
US,"{'latitude': 37.234093, 'longitude': -121.86431}",Almaden Hills Estates
US,"{'latitude': 37.46538, 'longitude': -122.25515}",Faded Giant
US,"{'latitude': 36.672455, 'longitude': -119.9252}",Central Ave
US,"{'latitude': 40.695404, 'longitude': -122.40252}",Lake Blvd &amp; Shasta Dam Blvd
US,"{'latitude': 40.499287, 'longitude': -105.03428}",Westchase
US,"{'latitude': 36.518147, 'longitude': -121.79705}",Carmel Valley Ranch
US,"{'latitude': 32.094215, 'longitude': -81.12027}",Hudson Hill--02
US,"{'latitude': 39.27733, 'longitude': -120.1255}",Eagle Feather
US,"{'latitude': 34.08801, 'longitude': -118.38403}",HOL
US,"{'latitude': 34.273727, 'longitude': -118.305725}",Sunland
US,"{'latitude': 38.062325, 'longitude': -103.248535}",APCD Las Animas
US,"{'latitude': 37.12282, 'longitude': -120.22234}","Pheasant Run Golf Course #17 Chowchilla, Ca."
US,"{'latitude': 43.951687, 'longitude': -70.962135}",Tibbetts Outdoor
US,"{'latitude': 34.190872, 'longitude': -118.75315}",Lambourne Place
US,"{'latitude': 40.608765, 'longitude': -122.41021}",BelAir Estates
US,"{'latitude': 38.012554, 'longitude': -122.58836}",Crane Drive San Anselmo
US,"{'latitude': 38.983154, 'longitude': -121.3733}",CARB_PCAPCD _SMOKE _SHERIDAN 
US,"{'latitude': 34.23586, 'longitude': -117.19023}",BDF Mobile1
US,"{'latitude': 39.507618, 'longitude': -119.82102}",Arlington / Nixon
US,"{'latitude': 37.440678, 'longitude': -122.15662}",Bluey house
US,"{'latitude': 40.969124, 'longitude': -124.030945}",Rock Pit Rd
US,"{'latitude': 45.67529, 'longitude': -111.04311}",Bozeman—Southside
US,"{'latitude': 30.121431, 'longitude': -95.60936}",Raleigh Creek
US,"{'latitude': 37.2655, 'longitude': -107.87992}",Chickadee1
US,"{'latitude': 37.711723, 'longitude': -121.841644}",Dublin Onyx
US,"{'latitude': 37.728706, 'longitude': -122.41765}",Silver
US,"{'latitude': 45.36162, 'longitude': -122.86322}",Copper Court
US,"{'latitude': 37.912224, 'longitude': -122.27648}","Kensington, CA"
US,"{'latitude': 38.31652, 'longitude': -122.44967}",Norrbom Rd
US,"{'latitude': 37.476913, 'longitude': -122.18627}",Marsh @ Bay Outside
US,"{'latitude': 37.36117, 'longitude': -122.00734}",Ponderosa
US,"{'latitude': 37.914703, 'longitude': -122.03422}",San Benito
US,"{'latitude': 34.4829, 'longitude': -82.91216}",Sugarcane
US,"{'latitude': 37.826675, 'longitude': -121.95868}",Athenian Dase
US,"{'latitude': 48.604065, 'longitude': -118.060905}",940 Juniper St Kettle falls wa
CA,"{'latitude': 49.277214, 'longitude': -124.88413}",7563 Pacific Rim Highway
US,"{'latitude': 41.5838, 'longitude': -121.9133}",CARB_SCAPCD_TENNANT
CA,"{'latitude': 43.66052, 'longitude': -79.39819}",MP5
US,"{'latitude': 38.401573, 'longitude': -122.36042}",Yountville Community Center
CA,"{'latitude': 49.703087, 'longitude': -123.139694}",Hospital Hill
